sysname,start_date,end_date,timestep_hours,rte,ed_norm,p_norm,soc_min,soc_max,soc_init,tau,output_smoothing,carbon_cost,solver,electricity_costing,electricity_costing_path,electricity_costing_CWNS_No,emissions_costing,emissions_costing_ISO,emissions_costing_path,baseload_pattern_name,baseload_value,month,emissions_optimal,cost_optimal,alpha,acc_alpha,total_electrical_emissions,save_path
virtual_battery,2021-01-01 00:00:00,2021-01-31 23:45:00,0.25,0.85,0.05,0.15,0.05,0.95,0.5,1,1e-06,0,gurobi,tariff,wwtp-energy-tariffs/data/WWTP_Billing.xlsx,6005025001,marginal,CAISO,data/grid_2021/MEF/CAISO/CAISO_mef_average_Jan_HOUR.csv,Manufacturing processes,1000,Jan,"(75257.75001149949, 975674.5171720919)","(74956.80869305566, 984147.2019417523)",0.05,0.0,984147.2019417523,electricity-carbon-cost/results/ACC_load_shape_results_11212024_CAISO.csv
virtual_battery,2021-01-01 00:00:00,2021-01-31 23:45:00,0.25,0.85,0.05,0.15,0.05,0.95,0.5,1,1e-06,0,gurobi,tariff,wwtp-energy-tariffs/data/WWTP_Billing.xlsx,6005025001,marginal,CAISO,data/grid_2021/MEF/CAISO/CAISO_mef_average_Jan_HOUR.csv,Manufacturing processes,1000,Jan,"(75257.75001149949, 975674.5171720919)","(74956.80869305566, 984147.2019417523)",0.25,0.0004375,982052.8033347538,electricity-carbon-cost/results/ACC_load_shape_results_11212024_CAISO.csv
virtual_battery,2021-01-01 00:00:00,2021-01-31 23:45:00,0.25,0.85,0.05,0.15,0.05,0.95,0.5,1,1e-06,0,gurobi,tariff,wwtp-energy-tariffs/data/WWTP_Billing.xlsx,6005025001,marginal,CAISO,data/grid_2021/MEF/CAISO/CAISO_mef_average_Jan_HOUR.csv,Manufacturing processes,1000,Jan,"(75257.75001149949, 975674.5171720919)","(74956.80869305566, 984147.2019417523)",0.5,0.004312500000000001,979908.7965381937,electricity-carbon-cost/results/ACC_load_shape_results_11212024_CAISO.csv
virtual_battery,2021-01-01 00:00:00,2021-01-31 23:45:00,0.25,0.85,0.05,0.15,0.05,0.95,0.5,1,1e-06,0,gurobi,tariff,wwtp-energy-tariffs/data/WWTP_Billing.xlsx,6005025001,marginal,CAISO,data/grid_2021/MEF/CAISO/CAISO_mef_average_Jan_HOUR.csv,Manufacturing processes,1000,Jan,"(75257.75001149949, 975674.5171720919)","(74956.80869305566, 984147.2019417523)",0.75,0.026750000000000003,977794.7789574334,electricity-carbon-cost/results/ACC_load_shape_results_11212024_CAISO.csv
virtual_battery,2021-01-01 00:00:00,2021-01-31 23:45:00,0.25,0.85,0.05,0.15,0.05,0.95,0.5,1,1e-06,0,gurobi,tariff,wwtp-energy-tariffs/data/WWTP_Billing.xlsx,6005025001,marginal,CAISO,data/grid_2021/MEF/CAISO/CAISO_mef_average_Jan_HOUR.csv,Manufacturing processes,1000,Jan,"(75257.75001149949, 975674.5171720919)","(74956.80869305566, 984147.2019417523)",0.95,0.3193125000000002,976098.1173172534,electricity-carbon-cost/results/ACC_load_shape_results_11212024_CAISO.csv
virtual_battery,2021-01-01 00:00:00,2021-01-31 23:45:00,0.25,0.85,0.05,0.15,0.05,0.95,0.5,1,1e-06,0,gurobi,tariff,wwtp-energy-tariffs/data/WWTP_Billing.xlsx,6005025001,marginal,CAISO,data/grid_2021/MEF/CAISO/CAISO_mef_average_Jan_HOUR.csv,Trades (non-food),1000,Jan,"(75573.62047546195, 977819.4984540559)","(75190.57372631278, 986850.4488733385)",0.05,0.000125,986316.1029545659,electricity-carbon-cost/results/ACC_load_shape_results_11212024_CAISO.csv
virtual_battery,2021-01-01 00:00:00,2021-01-31 23:45:00,0.25,0.85,0.05,0.15,0.05,0.95,0.5,1,1e-06,0,gurobi,tariff,wwtp-energy-tariffs/data/WWTP_Billing.xlsx,6005025001,marginal,CAISO,data/grid_2021/MEF/CAISO/CAISO_mef_average_Jan_HOUR.csv,Trades (non-food),1000,Jan,"(75573.62047546195, 977819.4984540559)","(75190.57372631278, 986850.4488733385)",0.25,0.003687500000000001,984595.6878061861,electricity-carbon-cost/results/ACC_load_shape_results_11212024_CAISO.csv
virtual_battery,2021-01-01 00:00:00,2021-01-31 23:45:00,0.25,0.85,0.05,0.15,0.05,0.95,0.5,1,1e-06,0,gurobi,tariff,wwtp-energy-tariffs/data/WWTP_Billing.xlsx,6005025001,marginal,CAISO,data/grid_2021/MEF/CAISO/CAISO_mef_average_Jan_HOUR.csv,Trades (non-food),1000,Jan,"(75573.62047546195, 977819.4984540559)","(75190.57372631278, 986850.4488733385)",0.5,0.016187500000000004,982332.2004935961,electricity-carbon-cost/results/ACC_load_shape_results_11212024_CAISO.csv
virtual_battery,2021-01-01 00:00:00,2021-01-31 23:45:00,0.25,0.85,0.05,0.15,0.05,0.95,0.5,1,1e-06,0,gurobi,tariff,wwtp-energy-tariffs/data/WWTP_Billing.xlsx,6005025001,marginal,CAISO,data/grid_2021/MEF/CAISO/CAISO_mef_average_Jan_HOUR.csv,Trades (non-food),1000,Jan,"(75573.62047546195, 977819.4984540559)","(75190.57372631278, 986850.4488733385)",0.75,0.06650000000000003,980078.2654690163,electricity-carbon-cost/results/ACC_load_shape_results_11212024_CAISO.csv
virtual_battery,2021-01-01 00:00:00,2021-01-31 23:45:00,0.25,0.85,0.05,0.15,0.05,0.95,0.5,1,1e-06,0,gurobi,tariff,wwtp-energy-tariffs/data/WWTP_Billing.xlsx,6005025001,marginal,CAISO,data/grid_2021/MEF/CAISO/CAISO_mef_average_Jan_HOUR.csv,Trades (non-food),1000,Jan,"(75573.62047546195, 977819.4984540559)","(75190.57372631278, 986850.4488733385)",0.95,0.29018750000000026,978270.9304487801,electricity-carbon-cost/results/ACC_load_shape_results_11212024_CAISO.csv
virtual_battery,2021-01-01 00:00:00,2021-01-31 23:45:00,0.25,0.85,0.05,0.15,0.05,0.95,0.5,1,1e-06,0,gurobi,tariff,wwtp-energy-tariffs/data/WWTP_Billing.xlsx,6005025001,marginal,CAISO,data/grid_2021/MEF/CAISO/CAISO_mef_average_Jan_HOUR.csv,Trades (food),1000,Jan,"(75654.97698302704, 978618.335280749)","(75313.76143402033, 986821.9118625721)",0.05,0.000125,986339.1622232129,electricity-carbon-cost/results/ACC_load_shape_results_11212024_CAISO.csv
virtual_battery,2021-01-01 00:00:00,2021-01-31 23:45:00,0.25,0.85,0.05,0.15,0.05,0.95,0.5,1,1e-06,0,gurobi,tariff,wwtp-energy-tariffs/data/WWTP_Billing.xlsx,6005025001,marginal,CAISO,data/grid_2021/MEF/CAISO/CAISO_mef_average_Jan_HOUR.csv,Trades (food),1000,Jan,"(75654.97698302704, 978618.335280749)","(75313.76143402033, 986821.9118625721)",0.25,0.0025625000000000005,984768.3637438928,electricity-carbon-cost/results/ACC_load_shape_results_11212024_CAISO.csv
virtual_battery,2021-01-01 00:00:00,2021-01-31 23:45:00,0.25,0.85,0.05,0.15,0.05,0.95,0.5,1,1e-06,0,gurobi,tariff,wwtp-energy-tariffs/data/WWTP_Billing.xlsx,6005025001,marginal,CAISO,data/grid_2021/MEF/CAISO/CAISO_mef_average_Jan_HOUR.csv,Trades (food),1000,Jan,"(75654.97698302704, 978618.335280749)","(75313.76143402033, 986821.9118625721)",0.5,0.010625000000000002,982709.471281544,electricity-carbon-cost/results/ACC_load_shape_results_11212024_CAISO.csv
virtual_battery,2021-01-01 00:00:00,2021-01-31 23:45:00,0.25,0.85,0.05,0.15,0.05,0.95,0.5,1,1e-06,0,gurobi,tariff,wwtp-energy-tariffs/data/WWTP_Billing.xlsx,6005025001,marginal,CAISO,data/grid_2021/MEF/CAISO/CAISO_mef_average_Jan_HOUR.csv,Trades (food),1000,Jan,"(75654.97698302704, 978618.335280749)","(75313.76143402033, 986821.9118625721)",0.75,0.05231250000000002,980669.0911327171,electricity-carbon-cost/results/ACC_load_shape_results_11212024_CAISO.csv
virtual_battery,2021-01-01 00:00:00,2021-01-31 23:45:00,0.25,0.85,0.05,0.15,0.05,0.95,0.5,1,1e-06,0,gurobi,tariff,wwtp-energy-tariffs/data/WWTP_Billing.xlsx,6005025001,marginal,CAISO,data/grid_2021/MEF/CAISO/CAISO_mef_average_Jan_HOUR.csv,Trades (food),1000,Jan,"(75654.97698302704, 978618.335280749)","(75313.76143402033, 986821.9118625721)",0.95,0.3112500000000002,979029.2282250194,electricity-carbon-cost/results/ACC_load_shape_results_11212024_CAISO.csv
virtual_battery,2021-01-01 00:00:00,2021-01-31 23:45:00,0.25,0.85,0.05,0.15,0.05,0.95,0.5,1,1e-06,0,gurobi,tariff,wwtp-energy-tariffs/data/WWTP_Billing.xlsx,6005025001,marginal,CAISO,data/grid_2021/MEF/CAISO/CAISO_mef_average_Jan_HOUR.csv,Education,1000,Jan,"(75044.9633151927, 975076.6850980595)","(74669.76191729106, 984237.8827347081)",0.05,0.0001875,983753.6461397103,electricity-carbon-cost/results/ACC_load_shape_results_11212024_CAISO.csv
virtual_battery,2021-01-01 00:00:00,2021-01-31 23:45:00,0.25,0.85,0.05,0.15,0.05,0.95,0.5,1,1e-06,0,gurobi,tariff,wwtp-energy-tariffs/data/WWTP_Billing.xlsx,6005025001,marginal,CAISO,data/grid_2021/MEF/CAISO/CAISO_mef_average_Jan_HOUR.csv,Education,1000,Jan,"(75044.9633151927, 975076.6850980595)","(74669.76191729106, 984237.8827347081)",0.25,0.0035000000000000014,981932.069682111,electricity-carbon-cost/results/ACC_load_shape_results_11212024_CAISO.csv
virtual_battery,2021-01-01 00:00:00,2021-01-31 23:45:00,0.25,0.85,0.05,0.15,0.05,0.95,0.5,1,1e-06,0,gurobi,tariff,wwtp-energy-tariffs/data/WWTP_Billing.xlsx,6005025001,marginal,CAISO,data/grid_2021/MEF/CAISO/CAISO_mef_average_Jan_HOUR.csv,Education,1000,Jan,"(75044.9633151927, 975076.6850980595)","(74669.76191729106, 984237.8827347081)",0.5,0.014187500000000002,979658.3635233158,electricity-carbon-cost/results/ACC_load_shape_results_11212024_CAISO.csv
virtual_battery,2021-01-01 00:00:00,2021-01-31 23:45:00,0.25,0.85,0.05,0.15,0.05,0.95,0.5,1,1e-06,0,gurobi,tariff,wwtp-energy-tariffs/data/WWTP_Billing.xlsx,6005025001,marginal,CAISO,data/grid_2021/MEF/CAISO/CAISO_mef_average_Jan_HOUR.csv,Education,1000,Jan,"(75044.9633151927, 975076.6850980595)","(74669.76191729106, 984237.8827347081)",0.75,0.060875000000000026,977365.7323933194,electricity-carbon-cost/results/ACC_load_shape_results_11212024_CAISO.csv
virtual_battery,2021-01-01 00:00:00,2021-01-31 23:45:00,0.25,0.85,0.05,0.15,0.05,0.95,0.5,1,1e-06,0,gurobi,tariff,wwtp-energy-tariffs/data/WWTP_Billing.xlsx,6005025001,marginal,CAISO,data/grid_2021/MEF/CAISO/CAISO_mef_average_Jan_HOUR.csv,Education,1000,Jan,"(75044.9633151927, 975076.6850980595)","(74669.76191729106, 984237.8827347081)",0.95,0.2930625000000003,975534.7862271416,electricity-carbon-cost/results/ACC_load_shape_results_11212024_CAISO.csv
virtual_battery,2021-01-01 00:00:00,2021-01-31 23:45:00,0.25,0.85,0.05,0.15,0.05,0.95,0.5,1,1e-06,0,gurobi,tariff,wwtp-energy-tariffs/data/WWTP_Billing.xlsx,6005025001,marginal,CAISO,data/grid_2021/MEF/CAISO/CAISO_mef_average_Jan_HOUR.csv,Office,1000,Jan,"(75314.03196890242, 975942.8221918124)","(74996.40182665751, 984354.2918934925)",0.05,0.0,984354.2918934925,electricity-carbon-cost/results/ACC_load_shape_results_11212024_CAISO.csv
virtual_battery,2021-01-01 00:00:00,2021-01-31 23:45:00,0.25,0.85,0.05,0.15,0.05,0.95,0.5,1,1e-06,0,gurobi,tariff,wwtp-energy-tariffs/data/WWTP_Billing.xlsx,6005025001,marginal,CAISO,data/grid_2021/MEF/CAISO/CAISO_mef_average_Jan_HOUR.csv,Office,1000,Jan,"(75314.03196890242, 975942.8221918124)","(74996.40182665751, 984354.2918934925)",0.25,0.0011250000000000001,982208.6405102164,electricity-carbon-cost/results/ACC_load_shape_results_11212024_CAISO.csv
virtual_battery,2021-01-01 00:00:00,2021-01-31 23:45:00,0.25,0.85,0.05,0.15,0.05,0.95,0.5,1,1e-06,0,gurobi,tariff,wwtp-energy-tariffs/data/WWTP_Billing.xlsx,6005025001,marginal,CAISO,data/grid_2021/MEF/CAISO/CAISO_mef_average_Jan_HOUR.csv,Office,1000,Jan,"(75314.03196890242, 975942.8221918124)","(74996.40182665751, 984354.2918934925)",0.5,0.007125000000000002,980159.2042555633,electricity-carbon-cost/results/ACC_load_shape_results_11212024_CAISO.csv
virtual_battery,2021-01-01 00:00:00,2021-01-31 23:45:00,0.25,0.85,0.05,0.15,0.05,0.95,0.5,1,1e-06,0,gurobi,tariff,wwtp-energy-tariffs/data/WWTP_Billing.xlsx,6005025001,marginal,CAISO,data/grid_2021/MEF/CAISO/CAISO_mef_average_Jan_HOUR.csv,Office,1000,Jan,"(75314.03196890242, 975942.8221918124)","(74996.40182665751, 984354.2918934925)",0.75,0.03656250000000001,978046.0072389726,electricity-carbon-cost/results/ACC_load_shape_results_11212024_CAISO.csv
virtual_battery,2021-01-01 00:00:00,2021-01-31 23:45:00,0.25,0.85,0.05,0.15,0.05,0.95,0.5,1,1e-06,0,gurobi,tariff,wwtp-energy-tariffs/data/WWTP_Billing.xlsx,6005025001,marginal,CAISO,data/grid_2021/MEF/CAISO/CAISO_mef_average_Jan_HOUR.csv,Office,1000,Jan,"(75314.03196890242, 975942.8221918124)","(74996.40182665751, 984354.2918934925)",0.95,0.3213750000000002,976362.9101981254,electricity-carbon-cost/results/ACC_load_shape_results_11212024_CAISO.csv
virtual_battery,2021-01-01 00:00:00,2021-01-31 23:45:00,0.25,0.85,0.05,0.15,0.05,0.95,0.5,1,1e-06,0,gurobi,tariff,wwtp-energy-tariffs/data/WWTP_Billing.xlsx,6005025001,marginal,CAISO,data/grid_2021/MEF/CAISO/CAISO_mef_average_Jan_HOUR.csv,Crop farming and transportation,1000,Jan,"(75670.72960974067, 982172.8483423193)","(75307.99303406753, 991285.0926708145)",0.05,0.00025,990879.3554937151,electricity-carbon-cost/results/ACC_load_shape_results_11212024_CAISO.csv
virtual_battery,2021-01-01 00:00:00,2021-01-31 23:45:00,0.25,0.85,0.05,0.15,0.05,0.95,0.5,1,1e-06,0,gurobi,tariff,wwtp-energy-tariffs/data/WWTP_Billing.xlsx,6005025001,marginal,CAISO,data/grid_2021/MEF/CAISO/CAISO_mef_average_Jan_HOUR.csv,Crop farming and transportation,1000,Jan,"(75670.72960974067, 982172.8483423193)","(75307.99303406753, 991285.0926708145)",0.25,0.0022500000000000003,988976.3772805962,electricity-carbon-cost/results/ACC_load_shape_results_11212024_CAISO.csv
virtual_battery,2021-01-01 00:00:00,2021-01-31 23:45:00,0.25,0.85,0.05,0.15,0.05,0.95,0.5,1,1e-06,0,gurobi,tariff,wwtp-energy-tariffs/data/WWTP_Billing.xlsx,6005025001,marginal,CAISO,data/grid_2021/MEF/CAISO/CAISO_mef_average_Jan_HOUR.csv,Crop farming and transportation,1000,Jan,"(75670.72960974067, 982172.8483423193)","(75307.99303406753, 991285.0926708145)",0.5,0.010562500000000002,986726.4896442028,electricity-carbon-cost/results/ACC_load_shape_results_11212024_CAISO.csv
virtual_battery,2021-01-01 00:00:00,2021-01-31 23:45:00,0.25,0.85,0.05,0.15,0.05,0.95,0.5,1,1e-06,0,gurobi,tariff,wwtp-energy-tariffs/data/WWTP_Billing.xlsx,6005025001,marginal,CAISO,data/grid_2021/MEF/CAISO/CAISO_mef_average_Jan_HOUR.csv,Crop farming and transportation,1000,Jan,"(75670.72960974067, 982172.8483423193)","(75307.99303406753, 991285.0926708145)",0.75,0.05325000000000002,984450.0036763684,electricity-carbon-cost/results/ACC_load_shape_results_11212024_CAISO.csv
virtual_battery,2021-01-01 00:00:00,2021-01-31 23:45:00,0.25,0.85,0.05,0.15,0.05,0.95,0.5,1,1e-06,0,gurobi,tariff,wwtp-energy-tariffs/data/WWTP_Billing.xlsx,6005025001,marginal,CAISO,data/grid_2021/MEF/CAISO/CAISO_mef_average_Jan_HOUR.csv,Crop farming and transportation,1000,Jan,"(75670.72960974067, 982172.8483423193)","(75307.99303406753, 991285.0926708145)",0.95,0.2971250000000003,982628.195864621,electricity-carbon-cost/results/ACC_load_shape_results_11212024_CAISO.csv
virtual_battery,2021-01-01 00:00:00,2021-01-31 23:45:00,0.25,0.85,0.05,0.15,0.05,0.95,0.5,1,1e-06,0,gurobi,tariff,wwtp-energy-tariffs/data/WWTP_Billing.xlsx,6005025001,marginal,CAISO,data/grid_2021/MEF/CAISO/CAISO_mef_average_Jan_HOUR.csv,Livestock farming,1000,Jan,"(75411.37395632945, 977188.4154960882)","(75102.45032893305, 984929.9877751715)",0.05,6.25e-05,984465.4619385612,electricity-carbon-cost/results/ACC_load_shape_results_11212024_CAISO.csv
virtual_battery,2021-01-01 00:00:00,2021-01-31 23:45:00,0.25,0.85,0.05,0.15,0.05,0.95,0.5,1,1e-06,0,gurobi,tariff,wwtp-energy-tariffs/data/WWTP_Billing.xlsx,6005025001,marginal,CAISO,data/grid_2021/MEF/CAISO/CAISO_mef_average_Jan_HOUR.csv,Livestock farming,1000,Jan,"(75411.37395632945, 977188.4154960882)","(75102.45032893305, 984929.9877751715)",0.25,0.0016875000000000002,982979.2657196304,electricity-carbon-cost/results/ACC_load_shape_results_11212024_CAISO.csv
virtual_battery,2021-01-01 00:00:00,2021-01-31 23:45:00,0.25,0.85,0.05,0.15,0.05,0.95,0.5,1,1e-06,0,gurobi,tariff,wwtp-energy-tariffs/data/WWTP_Billing.xlsx,6005025001,marginal,CAISO,data/grid_2021/MEF/CAISO/CAISO_mef_average_Jan_HOUR.csv,Livestock farming,1000,Jan,"(75411.37395632945, 977188.4154960882)","(75102.45032893305, 984929.9877751715)",0.5,0.0076875000000000025,981061.3662170798,electricity-carbon-cost/results/ACC_load_shape_results_11212024_CAISO.csv
virtual_battery,2021-01-01 00:00:00,2021-01-31 23:45:00,0.25,0.85,0.05,0.15,0.05,0.95,0.5,1,1e-06,0,gurobi,tariff,wwtp-energy-tariffs/data/WWTP_Billing.xlsx,6005025001,marginal,CAISO,data/grid_2021/MEF/CAISO/CAISO_mef_average_Jan_HOUR.csv,Livestock farming,1000,Jan,"(75411.37395632945, 977188.4154960882)","(75102.45032893305, 984929.9877751715)",0.75,0.03850000000000001,979125.0654867777,electricity-carbon-cost/results/ACC_load_shape_results_11212024_CAISO.csv
virtual_battery,2021-01-01 00:00:00,2021-01-31 23:45:00,0.25,0.85,0.05,0.15,0.05,0.95,0.5,1,1e-06,0,gurobi,tariff,wwtp-energy-tariffs/data/WWTP_Billing.xlsx,6005025001,marginal,CAISO,data/grid_2021/MEF/CAISO/CAISO_mef_average_Jan_HOUR.csv,Livestock farming,1000,Jan,"(75411.37395632945, 977188.4154960882)","(75102.45032893305, 984929.9877751715)",0.95,0.3195625000000002,977575.5556808579,electricity-carbon-cost/results/ACC_load_shape_results_11212024_CAISO.csv
virtual_battery,2021-01-01 00:00:00,2021-01-31 23:45:00,0.25,0.85,0.05,0.15,0.05,0.95,0.5,1,1e-06,0,gurobi,tariff,wwtp-energy-tariffs/data/WWTP_Billing.xlsx,6005025001,marginal,CAISO,data/grid_2021/MEF/CAISO/CAISO_mef_average_Jan_HOUR.csv,Water supply and telecommunications,1000,Jan,"(75109.63170705378, 974157.3172290025)","(74798.87953586446, 984757.7705978702)",0.05,0.0,984757.7705978702,electricity-carbon-cost/results/ACC_load_shape_results_11212024_CAISO.csv
virtual_battery,2021-01-01 00:00:00,2021-01-31 23:45:00,0.25,0.85,0.05,0.15,0.05,0.95,0.5,1,1e-06,0,gurobi,tariff,wwtp-energy-tariffs/data/WWTP_Billing.xlsx,6005025001,marginal,CAISO,data/grid_2021/MEF/CAISO/CAISO_mef_average_Jan_HOUR.csv,Water supply and telecommunications,1000,Jan,"(75109.63170705378, 974157.3172290025)","(74798.87953586446, 984757.7705978702)",0.25,0.00025,982036.5807593229,electricity-carbon-cost/results/ACC_load_shape_results_11212024_CAISO.csv
virtual_battery,2021-01-01 00:00:00,2021-01-31 23:45:00,0.25,0.85,0.05,0.15,0.05,0.95,0.5,1,1e-06,0,gurobi,tariff,wwtp-energy-tariffs/data/WWTP_Billing.xlsx,6005025001,marginal,CAISO,data/grid_2021/MEF/CAISO/CAISO_mef_average_Jan_HOUR.csv,Water supply and telecommunications,1000,Jan,"(75109.63170705378, 974157.3172290025)","(74798.87953586446, 984757.7705978702)",0.5,0.003000000000000001,979478.3477580475,electricity-carbon-cost/results/ACC_load_shape_results_11212024_CAISO.csv
virtual_battery,2021-01-01 00:00:00,2021-01-31 23:45:00,0.25,0.85,0.05,0.15,0.05,0.95,0.5,1,1e-06,0,gurobi,tariff,wwtp-energy-tariffs/data/WWTP_Billing.xlsx,6005025001,marginal,CAISO,data/grid_2021/MEF/CAISO/CAISO_mef_average_Jan_HOUR.csv,Water supply and telecommunications,1000,Jan,"(75109.63170705378, 974157.3172290025)","(74798.87953586446, 984757.7705978702)",0.75,0.021500000000000005,976803.9204628344,electricity-carbon-cost/results/ACC_load_shape_results_11212024_CAISO.csv
virtual_battery,2021-01-01 00:00:00,2021-01-31 23:45:00,0.25,0.85,0.05,0.15,0.05,0.95,0.5,1,1e-06,0,gurobi,tariff,wwtp-energy-tariffs/data/WWTP_Billing.xlsx,6005025001,marginal,CAISO,data/grid_2021/MEF/CAISO/CAISO_mef_average_Jan_HOUR.csv,Water supply and telecommunications,1000,Jan,"(75109.63170705378, 974157.3172290025)","(74798.87953586446, 984757.7705978702)",0.95,0.3112500000000003,974687.766850679,electricity-carbon-cost/results/ACC_load_shape_results_11212024_CAISO.csv
virtual_battery,2021-01-01 00:00:00,2021-01-31 23:45:00,0.25,0.85,0.05,0.15,0.05,0.95,0.5,1,1e-06,0,gurobi,tariff,wwtp-energy-tariffs/data/WWTP_Billing.xlsx,6005025001,marginal,CAISO,data/grid_2021/MEF/CAISO/CAISO_mef_average_Jan_HOUR.csv,Restaurants,1000,Jan,"(75660.86955362842, 979909.1929428465)","(75302.34635370164, 989200.1397385502)",0.05,0.000375,988714.9266008454,electricity-carbon-cost/results/ACC_load_shape_results_11212024_CAISO.csv
virtual_battery,2021-01-01 00:00:00,2021-01-31 23:45:00,0.25,0.85,0.05,0.15,0.05,0.95,0.5,1,1e-06,0,gurobi,tariff,wwtp-energy-tariffs/data/WWTP_Billing.xlsx,6005025001,marginal,CAISO,data/grid_2021/MEF/CAISO/CAISO_mef_average_Jan_HOUR.csv,Restaurants,1000,Jan,"(75660.86955362842, 979909.1929428465)","(75302.34635370164, 989200.1397385502)",0.25,0.003312500000000001,986881.1017551334,electricity-carbon-cost/results/ACC_load_shape_results_11212024_CAISO.csv
virtual_battery,2021-01-01 00:00:00,2021-01-31 23:45:00,0.25,0.85,0.05,0.15,0.05,0.95,0.5,1,1e-06,0,gurobi,tariff,wwtp-energy-tariffs/data/WWTP_Billing.xlsx,6005025001,marginal,CAISO,data/grid_2021/MEF/CAISO/CAISO_mef_average_Jan_HOUR.csv,Restaurants,1000,Jan,"(75660.86955362842, 979909.1929428465)","(75302.34635370164, 989200.1397385502)",0.5,0.010312500000000002,984557.7243633639,electricity-carbon-cost/results/ACC_load_shape_results_11212024_CAISO.csv
virtual_battery,2021-01-01 00:00:00,2021-01-31 23:45:00,0.25,0.85,0.05,0.15,0.05,0.95,0.5,1,1e-06,0,gurobi,tariff,wwtp-energy-tariffs/data/WWTP_Billing.xlsx,6005025001,marginal,CAISO,data/grid_2021/MEF/CAISO/CAISO_mef_average_Jan_HOUR.csv,Restaurants,1000,Jan,"(75660.86955362842, 979909.1929428465)","(75302.34635370164, 989200.1397385502)",0.75,0.048062500000000015,982231.6429515874,electricity-carbon-cost/results/ACC_load_shape_results_11212024_CAISO.csv
virtual_battery,2021-01-01 00:00:00,2021-01-31 23:45:00,0.25,0.85,0.05,0.15,0.05,0.95,0.5,1,1e-06,0,gurobi,tariff,wwtp-energy-tariffs/data/WWTP_Billing.xlsx,6005025001,marginal,CAISO,data/grid_2021/MEF/CAISO/CAISO_mef_average_Jan_HOUR.csv,Restaurants,1000,Jan,"(75660.86955362842, 979909.1929428465)","(75302.34635370164, 989200.1397385502)",0.95,0.2964375000000003,980373.8373747696,electricity-carbon-cost/results/ACC_load_shape_results_11212024_CAISO.csv
virtual_battery,2021-01-01 00:00:00,2021-01-31 23:45:00,0.25,0.85,0.05,0.15,0.05,0.95,0.5,1,1e-06,0,gurobi,tariff,wwtp-energy-tariffs/data/WWTP_Billing.xlsx,6005025001,marginal,CAISO,data/grid_2021/MEF/CAISO/CAISO_mef_average_Jan_HOUR.csv,Food industry,1000,Jan,"(75266.71199359125, 975381.4860650132)","(74975.00792904811, 984124.4870299312)",0.05,0.0,984124.4870299312,electricity-carbon-cost/results/ACC_load_shape_results_11212024_CAISO.csv
virtual_battery,2021-01-01 00:00:00,2021-01-31 23:45:00,0.25,0.85,0.05,0.15,0.05,0.95,0.5,1,1e-06,0,gurobi,tariff,wwtp-energy-tariffs/data/WWTP_Billing.xlsx,6005025001,marginal,CAISO,data/grid_2021/MEF/CAISO/CAISO_mef_average_Jan_HOUR.csv,Food industry,1000,Jan,"(75266.71199359125, 975381.4860650132)","(74975.00792904811, 984124.4870299312)",0.25,0.0003125,981890.2126576962,electricity-carbon-cost/results/ACC_load_shape_results_11212024_CAISO.csv
virtual_battery,2021-01-01 00:00:00,2021-01-31 23:45:00,0.25,0.85,0.05,0.15,0.05,0.95,0.5,1,1e-06,0,gurobi,tariff,wwtp-energy-tariffs/data/WWTP_Billing.xlsx,6005025001,marginal,CAISO,data/grid_2021/MEF/CAISO/CAISO_mef_average_Jan_HOUR.csv,Food industry,1000,Jan,"(75266.71199359125, 975381.4860650132)","(74975.00792904811, 984124.4870299312)",0.5,0.003562500000000001,979754.7034193048,electricity-carbon-cost/results/ACC_load_shape_results_11212024_CAISO.csv
virtual_battery,2021-01-01 00:00:00,2021-01-31 23:45:00,0.25,0.85,0.05,0.15,0.05,0.95,0.5,1,1e-06,0,gurobi,tariff,wwtp-energy-tariffs/data/WWTP_Billing.xlsx,6005025001,marginal,CAISO,data/grid_2021/MEF/CAISO/CAISO_mef_average_Jan_HOUR.csv,Food industry,1000,Jan,"(75266.71199359125, 975381.4860650132)","(74975.00792904811, 984124.4870299312)",0.75,0.022125000000000002,977565.3671431183,electricity-carbon-cost/results/ACC_load_shape_results_11212024_CAISO.csv
virtual_battery,2021-01-01 00:00:00,2021-01-31 23:45:00,0.25,0.85,0.05,0.15,0.05,0.95,0.5,1,1e-06,0,gurobi,tariff,wwtp-energy-tariffs/data/WWTP_Billing.xlsx,6005025001,marginal,CAISO,data/grid_2021/MEF/CAISO/CAISO_mef_average_Jan_HOUR.csv,Food industry,1000,Jan,"(75266.71199359125, 975381.4860650132)","(74975.00792904811, 984124.4870299312)",0.95,0.3193750000000002,975818.0713880152,electricity-carbon-cost/results/ACC_load_shape_results_11212024_CAISO.csv
virtual_battery,2021-01-01 00:00:00,2021-01-31 23:45:00,0.25,0.85,0.05,0.15,0.05,0.95,0.5,1,1e-06,0,gurobi,tariff,wwtp-energy-tariffs/data/WWTP_Billing.xlsx,6005025001,marginal,CAISO,data/grid_2021/MEF/CAISO/CAISO_mef_average_Jan_HOUR.csv,Wine industry,1000,Jan,"(75187.99057258491, 974647.9948533971)","(74875.94224377186, 984147.1541569214)",0.05,0.0,984147.1541569214,electricity-carbon-cost/results/ACC_load_shape_results_11212024_CAISO.csv
virtual_battery,2021-01-01 00:00:00,2021-01-31 23:45:00,0.25,0.85,0.05,0.15,0.05,0.95,0.5,1,1e-06,0,gurobi,tariff,wwtp-energy-tariffs/data/WWTP_Billing.xlsx,6005025001,marginal,CAISO,data/grid_2021/MEF/CAISO/CAISO_mef_average_Jan_HOUR.csv,Wine industry,1000,Jan,"(75187.99057258491, 974647.9948533971)","(74875.94224377186, 984147.1541569214)",0.25,0.00021875,981815.9761446114,electricity-carbon-cost/results/ACC_load_shape_results_11212024_CAISO.csv
virtual_battery,2021-01-01 00:00:00,2021-01-31 23:45:00,0.25,0.85,0.05,0.15,0.05,0.95,0.5,1,1e-06,0,gurobi,tariff,wwtp-energy-tariffs/data/WWTP_Billing.xlsx,6005025001,marginal,CAISO,data/grid_2021/MEF/CAISO/CAISO_mef_average_Jan_HOUR.csv,Wine industry,1000,Jan,"(75187.99057258491, 974647.9948533971)","(74875.94224377186, 984147.1541569214)",0.5,0.004187500000000001,979386.1832290526,electricity-carbon-cost/results/ACC_load_shape_results_11212024_CAISO.csv
virtual_battery,2021-01-01 00:00:00,2021-01-31 23:45:00,0.25,0.85,0.05,0.15,0.05,0.95,0.5,1,1e-06,0,gurobi,tariff,wwtp-energy-tariffs/data/WWTP_Billing.xlsx,6005025001,marginal,CAISO,data/grid_2021/MEF/CAISO/CAISO_mef_average_Jan_HOUR.csv,Wine industry,1000,Jan,"(75187.99057258491, 974647.9948533971)","(74875.94224377186, 984147.1541569214)",0.75,0.024875,977024.4991837704,electricity-carbon-cost/results/ACC_load_shape_results_11212024_CAISO.csv
virtual_battery,2021-01-01 00:00:00,2021-01-31 23:45:00,0.25,0.85,0.05,0.15,0.05,0.95,0.5,1,1e-06,0,gurobi,tariff,wwtp-energy-tariffs/data/WWTP_Billing.xlsx,6005025001,marginal,CAISO,data/grid_2021/MEF/CAISO/CAISO_mef_average_Jan_HOUR.csv,Wine industry,1000,Jan,"(75187.99057258491, 974647.9948533971)","(74875.94224377186, 984147.1541569214)",0.95,0.31368750000000023,975123.1435016484,electricity-carbon-cost/results/ACC_load_shape_results_11212024_CAISO.csv
virtual_battery,2021-01-01 00:00:00,2021-01-31 23:45:00,0.25,0.85,0.05,0.15,0.05,0.95,0.5,1,1e-06,0,gurobi,tariff,wwtp-energy-tariffs/data/WWTP_Billing.xlsx,6005025001,marginal,CAISO,data/grid_2021/MEF/CAISO/CAISO_mef_average_Jan_HOUR.csv,Energy supply and rental activities,1000,Jan,"(75201.13395452953, 973803.2091071943)","(74899.59843109157, 983312.1457652531)",0.05,0.0,983312.1457652531,electricity-carbon-cost/results/ACC_load_shape_results_11212024_CAISO.csv
virtual_battery,2021-01-01 00:00:00,2021-01-31 23:45:00,0.25,0.85,0.05,0.15,0.05,0.95,0.5,1,1e-06,0,gurobi,tariff,wwtp-energy-tariffs/data/WWTP_Billing.xlsx,6005025001,marginal,CAISO,data/grid_2021/MEF/CAISO/CAISO_mef_average_Jan_HOUR.csv,Energy supply and rental activities,1000,Jan,"(75201.13395452953, 973803.2091071943)","(74899.59843109157, 983312.1457652531)",0.25,0.0001875,980839.4564129779,electricity-carbon-cost/results/ACC_load_shape_results_11212024_CAISO.csv
virtual_battery,2021-01-01 00:00:00,2021-01-31 23:45:00,0.25,0.85,0.05,0.15,0.05,0.95,0.5,1,1e-06,0,gurobi,tariff,wwtp-energy-tariffs/data/WWTP_Billing.xlsx,6005025001,marginal,CAISO,data/grid_2021/MEF/CAISO/CAISO_mef_average_Jan_HOUR.csv,Energy supply and rental activities,1000,Jan,"(75201.13395452953, 973803.2091071943)","(74899.59843109157, 983312.1457652531)",0.5,0.003500000000000001,978532.2073603653,electricity-carbon-cost/results/ACC_load_shape_results_11212024_CAISO.csv
virtual_battery,2021-01-01 00:00:00,2021-01-31 23:45:00,0.25,0.85,0.05,0.15,0.05,0.95,0.5,1,1e-06,0,gurobi,tariff,wwtp-energy-tariffs/data/WWTP_Billing.xlsx,6005025001,marginal,CAISO,data/grid_2021/MEF/CAISO/CAISO_mef_average_Jan_HOUR.csv,Energy supply and rental activities,1000,Jan,"(75201.13395452953, 973803.2091071943)","(74899.59843109157, 983312.1457652531)",0.75,0.022250000000000002,976182.7463193345,electricity-carbon-cost/results/ACC_load_shape_results_11212024_CAISO.csv
virtual_battery,2021-01-01 00:00:00,2021-01-31 23:45:00,0.25,0.85,0.05,0.15,0.05,0.95,0.5,1,1e-06,0,gurobi,tariff,wwtp-energy-tariffs/data/WWTP_Billing.xlsx,6005025001,marginal,CAISO,data/grid_2021/MEF/CAISO/CAISO_mef_average_Jan_HOUR.csv,Energy supply and rental activities,1000,Jan,"(75201.13395452953, 973803.2091071943)","(74899.59843109157, 983312.1457652531)",0.95,0.3208750000000002,974278.2609989862,electricity-carbon-cost/results/ACC_load_shape_results_11212024_CAISO.csv
virtual_battery,2021-01-01 00:00:00,2021-01-31 23:45:00,0.25,0.85,0.05,0.15,0.05,0.95,0.5,1,1e-06,0,gurobi,tariff,wwtp-energy-tariffs/data/WWTP_Billing.xlsx,6005025001,marginal,CAISO,data/grid_2021/MEF/CAISO/CAISO_mef_average_Jan_HOUR.csv,Hotels,1000,Jan,"(75515.94087219286, 977276.145542033)","(75211.52165683631, 985464.1893163277)",0.05,0.0,985464.1893163277,electricity-carbon-cost/results/ACC_load_shape_results_11212024_CAISO.csv
virtual_battery,2021-01-01 00:00:00,2021-01-31 23:45:00,0.25,0.85,0.05,0.15,0.05,0.95,0.5,1,1e-06,0,gurobi,tariff,wwtp-energy-tariffs/data/WWTP_Billing.xlsx,6005025001,marginal,CAISO,data/grid_2021/MEF/CAISO/CAISO_mef_average_Jan_HOUR.csv,Hotels,1000,Jan,"(75515.94087219286, 977276.145542033)","(75211.52165683631, 985464.1893163277)",0.25,0.0013124999999999999,983411.2980154922,electricity-carbon-cost/results/ACC_load_shape_results_11212024_CAISO.csv
virtual_battery,2021-01-01 00:00:00,2021-01-31 23:45:00,0.25,0.85,0.05,0.15,0.05,0.95,0.5,1,1e-06,0,gurobi,tariff,wwtp-energy-tariffs/data/WWTP_Billing.xlsx,6005025001,marginal,CAISO,data/grid_2021/MEF/CAISO/CAISO_mef_average_Jan_HOUR.csv,Hotels,1000,Jan,"(75515.94087219286, 977276.145542033)","(75211.52165683631, 985464.1893163277)",0.5,0.005500000000000001,981345.169072312,electricity-carbon-cost/results/ACC_load_shape_results_11212024_CAISO.csv
virtual_battery,2021-01-01 00:00:00,2021-01-31 23:45:00,0.25,0.85,0.05,0.15,0.05,0.95,0.5,1,1e-06,0,gurobi,tariff,wwtp-energy-tariffs/data/WWTP_Billing.xlsx,6005025001,marginal,CAISO,data/grid_2021/MEF/CAISO/CAISO_mef_average_Jan_HOUR.csv,Hotels,1000,Jan,"(75515.94087219286, 977276.145542033)","(75211.52165683631, 985464.1893163277)",0.75,0.031187500000000007,979324.0274990106,electricity-carbon-cost/results/ACC_load_shape_results_11212024_CAISO.csv
virtual_battery,2021-01-01 00:00:00,2021-01-31 23:45:00,0.25,0.85,0.05,0.15,0.05,0.95,0.5,1,1e-06,0,gurobi,tariff,wwtp-energy-tariffs/data/WWTP_Billing.xlsx,6005025001,marginal,CAISO,data/grid_2021/MEF/CAISO/CAISO_mef_average_Jan_HOUR.csv,Hotels,1000,Jan,"(75515.94087219286, 977276.145542033)","(75211.52165683631, 985464.1893163277)",0.95,0.32381250000000017,977685.5341259586,electricity-carbon-cost/results/ACC_load_shape_results_11212024_CAISO.csv
virtual_battery,2021-01-01 00:00:00,2021-01-31 23:45:00,0.25,0.85,0.05,0.15,0.05,0.95,0.5,1,1e-06,0,gurobi,tariff,wwtp-energy-tariffs/data/WWTP_Billing.xlsx,6005025001,marginal,CAISO,data/grid_2021/MEF/CAISO/CAISO_mef_average_Jan_HOUR.csv,Bakery,1000,Jan,"(75153.0708130332, 973949.1490272838)","(74859.3454631772, 983115.9686874248)",0.05,0.0,983115.9686874248,electricity-carbon-cost/results/ACC_load_shape_results_11212024_CAISO.csv
virtual_battery,2021-01-01 00:00:00,2021-01-31 23:45:00,0.25,0.85,0.05,0.15,0.05,0.95,0.5,1,1e-06,0,gurobi,tariff,wwtp-energy-tariffs/data/WWTP_Billing.xlsx,6005025001,marginal,CAISO,data/grid_2021/MEF/CAISO/CAISO_mef_average_Jan_HOUR.csv,Bakery,1000,Jan,"(75153.0708130332, 973949.1490272838)","(74859.3454631772, 983115.9686874248)",0.25,0.00025,980726.481194034,electricity-carbon-cost/results/ACC_load_shape_results_11212024_CAISO.csv
virtual_battery,2021-01-01 00:00:00,2021-01-31 23:45:00,0.25,0.85,0.05,0.15,0.05,0.95,0.5,1,1e-06,0,gurobi,tariff,wwtp-energy-tariffs/data/WWTP_Billing.xlsx,6005025001,marginal,CAISO,data/grid_2021/MEF/CAISO/CAISO_mef_average_Jan_HOUR.csv,Bakery,1000,Jan,"(75153.0708130332, 973949.1490272838)","(74859.3454631772, 983115.9686874248)",0.5,0.0033750000000000013,978556.5603540437,electricity-carbon-cost/results/ACC_load_shape_results_11212024_CAISO.csv
virtual_battery,2021-01-01 00:00:00,2021-01-31 23:45:00,0.25,0.85,0.05,0.15,0.05,0.95,0.5,1,1e-06,0,gurobi,tariff,wwtp-energy-tariffs/data/WWTP_Billing.xlsx,6005025001,marginal,CAISO,data/grid_2021/MEF/CAISO/CAISO_mef_average_Jan_HOUR.csv,Bakery,1000,Jan,"(75153.0708130332, 973949.1490272838)","(74859.3454631772, 983115.9686874248)",0.75,0.020375000000000004,976239.1144815966,electricity-carbon-cost/results/ACC_load_shape_results_11212024_CAISO.csv
virtual_battery,2021-01-01 00:00:00,2021-01-31 23:45:00,0.25,0.85,0.05,0.15,0.05,0.95,0.5,1,1e-06,0,gurobi,tariff,wwtp-energy-tariffs/data/WWTP_Billing.xlsx,6005025001,marginal,CAISO,data/grid_2021/MEF/CAISO/CAISO_mef_average_Jan_HOUR.csv,Bakery,1000,Jan,"(75153.0708130332, 973949.1490272838)","(74859.3454631772, 983115.9686874248)",0.95,0.3175000000000002,974407.0883332168,electricity-carbon-cost/results/ACC_load_shape_results_11212024_CAISO.csv
virtual_battery,2021-01-01 00:00:00,2021-01-31 23:45:00,0.25,0.85,0.05,0.15,0.05,0.95,0.5,1,1e-06,0,gurobi,tariff,wwtp-energy-tariffs/data/WWTP_Billing.xlsx,6005025001,marginal,CAISO,data/grid_2021/MEF/CAISO/CAISO_mef_average_Jan_HOUR.csv,Property management,1000,Jan,"(74861.77370691719, 966007.5947648839)","(74528.79717828776, 978597.8428313234)",0.05,0.0,978597.8428313234,electricity-carbon-cost/results/ACC_load_shape_results_11212024_CAISO.csv
virtual_battery,2021-01-01 00:00:00,2021-01-31 23:45:00,0.25,0.85,0.05,0.15,0.05,0.95,0.5,1,1e-06,0,gurobi,tariff,wwtp-energy-tariffs/data/WWTP_Billing.xlsx,6005025001,marginal,CAISO,data/grid_2021/MEF/CAISO/CAISO_mef_average_Jan_HOUR.csv,Property management,1000,Jan,"(74861.77370691719, 966007.5947648839)","(74528.79717828776, 978597.8428313234)",0.25,0.0001875,975214.0016756346,electricity-carbon-cost/results/ACC_load_shape_results_11212024_CAISO.csv
virtual_battery,2021-01-01 00:00:00,2021-01-31 23:45:00,0.25,0.85,0.05,0.15,0.05,0.95,0.5,1,1e-06,0,gurobi,tariff,wwtp-energy-tariffs/data/WWTP_Billing.xlsx,6005025001,marginal,CAISO,data/grid_2021/MEF/CAISO/CAISO_mef_average_Jan_HOUR.csv,Property management,1000,Jan,"(74861.77370691719, 966007.5947648839)","(74528.79717828776, 978597.8428313234)",0.5,0.0021875000000000006,972292.7120664698,electricity-carbon-cost/results/ACC_load_shape_results_11212024_CAISO.csv
virtual_battery,2021-01-01 00:00:00,2021-01-31 23:45:00,0.25,0.85,0.05,0.15,0.05,0.95,0.5,1,1e-06,0,gurobi,tariff,wwtp-energy-tariffs/data/WWTP_Billing.xlsx,6005025001,marginal,CAISO,data/grid_2021/MEF/CAISO/CAISO_mef_average_Jan_HOUR.csv,Property management,1000,Jan,"(74861.77370691719, 966007.5947648839)","(74528.79717828776, 978597.8428313234)",0.75,0.016187500000000004,969153.7186152365,electricity-carbon-cost/results/ACC_load_shape_results_11212024_CAISO.csv
virtual_battery,2021-01-01 00:00:00,2021-01-31 23:45:00,0.25,0.85,0.05,0.15,0.05,0.95,0.5,1,1e-06,0,gurobi,tariff,wwtp-energy-tariffs/data/WWTP_Billing.xlsx,6005025001,marginal,CAISO,data/grid_2021/MEF/CAISO/CAISO_mef_average_Jan_HOUR.csv,Property management,1000,Jan,"(74861.77370691719, 966007.5947648839)","(74528.79717828776, 978597.8428313234)",0.95,0.3173750000000003,966637.385364308,electricity-carbon-cost/results/ACC_load_shape_results_11212024_CAISO.csv
virtual_battery,2021-01-01 00:00:00,2021-01-31 23:45:00,0.25,0.85,0.05,0.15,0.05,0.95,0.5,1,1e-06,0,gurobi,tariff,wwtp-energy-tariffs/data/WWTP_Billing.xlsx,6005025001,marginal,CAISO,data/grid_2021/MEF/CAISO/CAISO_mef_average_Jan_HOUR.csv,Hospital activities,1000,Jan,"(75331.91204654261, 975811.5861060524)","(74998.12541357374, 984373.4683927633)",0.05,0.0,984373.4683927633,electricity-carbon-cost/results/ACC_load_shape_results_11212024_CAISO.csv
virtual_battery,2021-01-01 00:00:00,2021-01-31 23:45:00,0.25,0.85,0.05,0.15,0.05,0.95,0.5,1,1e-06,0,gurobi,tariff,wwtp-energy-tariffs/data/WWTP_Billing.xlsx,6005025001,marginal,CAISO,data/grid_2021/MEF/CAISO/CAISO_mef_average_Jan_HOUR.csv,Hospital activities,1000,Jan,"(75331.91204654261, 975811.5861060524)","(74998.12541357374, 984373.4683927633)",0.25,0.0018750000000000004,982212.5082406829,electricity-carbon-cost/results/ACC_load_shape_results_11212024_CAISO.csv
virtual_battery,2021-01-01 00:00:00,2021-01-31 23:45:00,0.25,0.85,0.05,0.15,0.05,0.95,0.5,1,1e-06,0,gurobi,tariff,wwtp-energy-tariffs/data/WWTP_Billing.xlsx,6005025001,marginal,CAISO,data/grid_2021/MEF/CAISO/CAISO_mef_average_Jan_HOUR.csv,Hospital activities,1000,Jan,"(75331.91204654261, 975811.5861060524)","(74998.12541357374, 984373.4683927633)",0.5,0.009187500000000003,980091.0219928529,electricity-carbon-cost/results/ACC_load_shape_results_11212024_CAISO.csv
virtual_battery,2021-01-01 00:00:00,2021-01-31 23:45:00,0.25,0.85,0.05,0.15,0.05,0.95,0.5,1,1e-06,0,gurobi,tariff,wwtp-energy-tariffs/data/WWTP_Billing.xlsx,6005025001,marginal,CAISO,data/grid_2021/MEF/CAISO/CAISO_mef_average_Jan_HOUR.csv,Hospital activities,1000,Jan,"(75331.91204654261, 975811.5861060524)","(74998.12541357374, 984373.4683927633)",0.75,0.04400000000000001,977953.6027561341,electricity-carbon-cost/results/ACC_load_shape_results_11212024_CAISO.csv
virtual_battery,2021-01-01 00:00:00,2021-01-31 23:45:00,0.25,0.85,0.05,0.15,0.05,0.95,0.5,1,1e-06,0,gurobi,tariff,wwtp-energy-tariffs/data/WWTP_Billing.xlsx,6005025001,marginal,CAISO,data/grid_2021/MEF/CAISO/CAISO_mef_average_Jan_HOUR.csv,Hospital activities,1000,Jan,"(75331.91204654261, 975811.5861060524)","(74998.12541357374, 984373.4683927633)",0.95,0.3193125000000002,976239.602621608,electricity-carbon-cost/results/ACC_load_shape_results_11212024_CAISO.csv
virtual_battery,2021-01-01 00:00:00,2021-01-31 23:45:00,0.25,0.85,0.05,0.15,0.05,0.95,0.5,1,1e-06,0,gurobi,tariff,wwtp-energy-tariffs/data/WWTP_Billing.xlsx,6005025001,marginal,CAISO,data/grid_2021/MEF/CAISO/CAISO_mef_average_Jan_HOUR.csv,Recreational and social activities,1000,Jan,"(75592.22016221436, 977941.5531199357)","(75278.9268239383, 986049.6632802817)",0.05,0.0,986049.6632802817,electricity-carbon-cost/results/ACC_load_shape_results_11212024_CAISO.csv
virtual_battery,2021-01-01 00:00:00,2021-01-31 23:45:00,0.25,0.85,0.05,0.15,0.05,0.95,0.5,1,1e-06,0,gurobi,tariff,wwtp-energy-tariffs/data/WWTP_Billing.xlsx,6005025001,marginal,CAISO,data/grid_2021/MEF/CAISO/CAISO_mef_average_Jan_HOUR.csv,Recreational and social activities,1000,Jan,"(75592.22016221436, 977941.5531199357)","(75278.9268239383, 986049.6632802817)",0.25,0.001375,984051.2887176935,electricity-carbon-cost/results/ACC_load_shape_results_11212024_CAISO.csv
virtual_battery,2021-01-01 00:00:00,2021-01-31 23:45:00,0.25,0.85,0.05,0.15,0.05,0.95,0.5,1,1e-06,0,gurobi,tariff,wwtp-energy-tariffs/data/WWTP_Billing.xlsx,6005025001,marginal,CAISO,data/grid_2021/MEF/CAISO/CAISO_mef_average_Jan_HOUR.csv,Recreational and social activities,1000,Jan,"(75592.22016221436, 977941.5531199357)","(75278.9268239383, 986049.6632802817)",0.5,0.006250000000000002,981985.9420750184,electricity-carbon-cost/results/ACC_load_shape_results_11212024_CAISO.csv
virtual_battery,2021-01-01 00:00:00,2021-01-31 23:45:00,0.25,0.85,0.05,0.15,0.05,0.95,0.5,1,1e-06,0,gurobi,tariff,wwtp-energy-tariffs/data/WWTP_Billing.xlsx,6005025001,marginal,CAISO,data/grid_2021/MEF/CAISO/CAISO_mef_average_Jan_HOUR.csv,Recreational and social activities,1000,Jan,"(75592.22016221436, 977941.5531199357)","(75278.9268239383, 986049.6632802817)",0.75,0.03650000000000001,979967.3671578208,electricity-carbon-cost/results/ACC_load_shape_results_11212024_CAISO.csv
virtual_battery,2021-01-01 00:00:00,2021-01-31 23:45:00,0.25,0.85,0.05,0.15,0.05,0.95,0.5,1,1e-06,0,gurobi,tariff,wwtp-energy-tariffs/data/WWTP_Billing.xlsx,6005025001,marginal,CAISO,data/grid_2021/MEF/CAISO/CAISO_mef_average_Jan_HOUR.csv,Recreational and social activities,1000,Jan,"(75592.22016221436, 977941.5531199357)","(75278.9268239383, 986049.6632802817)",0.95,0.3201250000000002,978347.4691699203,electricity-carbon-cost/results/ACC_load_shape_results_11212024_CAISO.csv
virtual_battery,2021-01-01 00:00:00,2021-01-31 23:45:00,0.25,0.85,0.05,0.15,0.05,0.95,0.5,1,1e-06,0,gurobi,tariff,wwtp-energy-tariffs/data/WWTP_Billing.xlsx,6005025001,marginal,CAISO,data/grid_2021/MEF/CAISO/CAISO_mef_average_Jan_HOUR.csv,Construction,1000,Jan,"(75026.84369572812, 973470.1475486541)","(74688.76974159, 982378.9243654365)",0.05,0.0,982378.9243654365,electricity-carbon-cost/results/ACC_load_shape_results_11212024_CAISO.csv
virtual_battery,2021-01-01 00:00:00,2021-01-31 23:45:00,0.25,0.85,0.05,0.15,0.05,0.95,0.5,1,1e-06,0,gurobi,tariff,wwtp-energy-tariffs/data/WWTP_Billing.xlsx,6005025001,marginal,CAISO,data/grid_2021/MEF/CAISO/CAISO_mef_average_Jan_HOUR.csv,Construction,1000,Jan,"(75026.84369572812, 973470.1475486541)","(74688.76974159, 982378.9243654365)",0.25,0.0010625,980172.6377616974,electricity-carbon-cost/results/ACC_load_shape_results_11212024_CAISO.csv
virtual_battery,2021-01-01 00:00:00,2021-01-31 23:45:00,0.25,0.85,0.05,0.15,0.05,0.95,0.5,1,1e-06,0,gurobi,tariff,wwtp-energy-tariffs/data/WWTP_Billing.xlsx,6005025001,marginal,CAISO,data/grid_2021/MEF/CAISO/CAISO_mef_average_Jan_HOUR.csv,Construction,1000,Jan,"(75026.84369572812, 973470.1475486541)","(74688.76974159, 982378.9243654365)",0.5,0.008875000000000003,977932.0309413163,electricity-carbon-cost/results/ACC_load_shape_results_11212024_CAISO.csv
virtual_battery,2021-01-01 00:00:00,2021-01-31 23:45:00,0.25,0.85,0.05,0.15,0.05,0.95,0.5,1,1e-06,0,gurobi,tariff,wwtp-energy-tariffs/data/WWTP_Billing.xlsx,6005025001,marginal,CAISO,data/grid_2021/MEF/CAISO/CAISO_mef_average_Jan_HOUR.csv,Construction,1000,Jan,"(75026.84369572812, 973470.1475486541)","(74688.76974159, 982378.9243654365)",0.75,0.04218750000000001,975697.3117269817,electricity-carbon-cost/results/ACC_load_shape_results_11212024_CAISO.csv
virtual_battery,2021-07-01 00:00:00,2021-07-31 00:00:00,0.25,0.85,0.05,0.15,0.05,0.95,0.5,1,1e-06,0,gurobi,tariff,wwtp-energy-tariffs/data/WWTP_Billing.xlsx,6005025001,marginal,CAISO,data/grid_2021/MEF/CAISO/CAISO_mef_average_Jul_HOUR.csv,Manufacturing processes,1000,Jul,"(77591.45913500786, 1084037.8295558423)","(76667.35243912041, 1091765.148156251)",0.05,0.0,1091765.148156251,electricity-carbon-cost/results/ACC_load_shape_results_11212024_CAISO.csv
virtual_battery,2021-07-01 00:00:00,2021-07-31 00:00:00,0.25,0.85,0.05,0.15,0.05,0.95,0.5,1,1e-06,0,gurobi,tariff,wwtp-energy-tariffs/data/WWTP_Billing.xlsx,6005025001,marginal,CAISO,data/grid_2021/MEF/CAISO/CAISO_mef_average_Jul_HOUR.csv,Manufacturing processes,1000,Jul,"(77591.45913500786, 1084037.8295558423)","(76667.35243912041, 1091765.148156251)",0.25,0.0005625000000000001,1089817.3192044306,electricity-carbon-cost/results/ACC_load_shape_results_11212024_CAISO.csv
virtual_battery,2021-07-01 00:00:00,2021-07-31 00:00:00,0.25,0.85,0.05,0.15,0.05,0.95,0.5,1,1e-06,0,gurobi,tariff,wwtp-energy-tariffs/data/WWTP_Billing.xlsx,6005025001,marginal,CAISO,data/grid_2021/MEF/CAISO/CAISO_mef_average_Jul_HOUR.csv,Manufacturing processes,1000,Jul,"(77591.45913500786, 1084037.8295558423)","(76667.35243912041, 1091765.148156251)",0.5,0.010750000000000003,1087905.0935937157,electricity-carbon-cost/results/ACC_load_shape_results_11212024_CAISO.csv
virtual_battery,2021-07-01 00:00:00,2021-07-31 00:00:00,0.25,0.85,0.05,0.15,0.05,0.95,0.5,1,1e-06,0,gurobi,tariff,wwtp-energy-tariffs/data/WWTP_Billing.xlsx,6005025001,marginal,CAISO,data/grid_2021/MEF/CAISO/CAISO_mef_average_Jul_HOUR.csv,Manufacturing processes,1000,Jul,"(77591.45913500786, 1084037.8295558423)","(76667.35243912041, 1091765.148156251)",0.75,0.23931250000000018,1085970.0887637462,electricity-carbon-cost/results/ACC_load_shape_results_11212024_CAISO.csv
virtual_battery,2021-07-01 00:00:00,2021-07-31 00:00:00,0.25,0.85,0.05,0.15,0.05,0.95,0.5,1,1e-06,0,gurobi,tariff,wwtp-energy-tariffs/data/WWTP_Billing.xlsx,6005025001,marginal,CAISO,data/grid_2021/MEF/CAISO/CAISO_mef_average_Jul_HOUR.csv,Manufacturing processes,1000,Jul,"(77591.45913500786, 1084037.8295558423)","(76667.35243912041, 1091765.148156251)",0.95,0.2786250000000002,1084423.703785844,electricity-carbon-cost/results/ACC_load_shape_results_11212024_CAISO.csv
virtual_battery,2021-07-01 00:00:00,2021-07-31 00:00:00,0.25,0.85,0.05,0.15,0.05,0.95,0.5,1,1e-06,0,gurobi,tariff,wwtp-energy-tariffs/data/WWTP_Billing.xlsx,6005025001,marginal,CAISO,data/grid_2021/MEF/CAISO/CAISO_mef_average_Jul_HOUR.csv,Trades (non-food),1000,Jul,"(78676.21932128404, 1075440.7449897754)","(77458.0934183576, 1087042.9542452462)",0.05,0.00025,1086558.8775565668,electricity-carbon-cost/results/ACC_load_shape_results_11212024_CAISO.csv
virtual_battery,2021-07-01 00:00:00,2021-07-31 00:00:00,0.25,0.85,0.05,0.15,0.05,0.95,0.5,1,1e-06,0,gurobi,tariff,wwtp-energy-tariffs/data/WWTP_Billing.xlsx,6005025001,marginal,CAISO,data/grid_2021/MEF/CAISO/CAISO_mef_average_Jul_HOUR.csv,Trades (non-food),1000,Jul,"(78676.21932128404, 1075440.7449897754)","(77458.0934183576, 1087042.9542452462)",0.25,0.0015625,1084140.5962407223,electricity-carbon-cost/results/ACC_load_shape_results_11212024_CAISO.csv
virtual_battery,2021-07-01 00:00:00,2021-07-31 00:00:00,0.25,0.85,0.05,0.15,0.05,0.95,0.5,1,1e-06,0,gurobi,tariff,wwtp-energy-tariffs/data/WWTP_Billing.xlsx,6005025001,marginal,CAISO,data/grid_2021/MEF/CAISO/CAISO_mef_average_Jul_HOUR.csv,Trades (non-food),1000,Jul,"(78676.21932128404, 1075440.7449897754)","(77458.0934183576, 1087042.9542452462)",0.5,0.010937500000000003,1081244.4096753108,electricity-carbon-cost/results/ACC_load_shape_results_11212024_CAISO.csv
virtual_battery,2021-07-01 00:00:00,2021-07-31 00:00:00,0.25,0.85,0.05,0.15,0.05,0.95,0.5,1,1e-06,0,gurobi,tariff,wwtp-energy-tariffs/data/WWTP_Billing.xlsx,6005025001,marginal,CAISO,data/grid_2021/MEF/CAISO/CAISO_mef_average_Jul_HOUR.csv,Trades (non-food),1000,Jul,"(78676.21932128404, 1075440.7449897754)","(77458.0934183576, 1087042.9542452462)",0.75,0.19525000000000015,1078339.255297879,electricity-carbon-cost/results/ACC_load_shape_results_11212024_CAISO.csv
virtual_battery,2021-07-01 00:00:00,2021-07-31 00:00:00,0.25,0.85,0.05,0.15,0.05,0.95,0.5,1,1e-06,0,gurobi,tariff,wwtp-energy-tariffs/data/WWTP_Billing.xlsx,6005025001,marginal,CAISO,data/grid_2021/MEF/CAISO/CAISO_mef_average_Jul_HOUR.csv,Trades (non-food),1000,Jul,"(78676.21932128404, 1075440.7449897754)","(77458.0934183576, 1087042.9542452462)",0.95,0.28081250000000024,1076021.0034576962,electricity-carbon-cost/results/ACC_load_shape_results_11212024_CAISO.csv
virtual_battery,2021-07-01 00:00:00,2021-07-31 00:00:00,0.25,0.85,0.05,0.15,0.05,0.95,0.5,1,1e-06,0,gurobi,tariff,wwtp-energy-tariffs/data/WWTP_Billing.xlsx,6005025001,marginal,CAISO,data/grid_2021/MEF/CAISO/CAISO_mef_average_Jul_HOUR.csv,Trades (food),1000,Jul,"(78396.72740519133, 1080319.0714168902)","(77359.61511849219, 1089818.7691269673)",0.05,0.000125,1089265.084173686,electricity-carbon-cost/results/ACC_load_shape_results_11212024_CAISO.csv
virtual_battery,2021-07-01 00:00:00,2021-07-31 00:00:00,0.25,0.85,0.05,0.15,0.05,0.95,0.5,1,1e-06,0,gurobi,tariff,wwtp-energy-tariffs/data/WWTP_Billing.xlsx,6005025001,marginal,CAISO,data/grid_2021/MEF/CAISO/CAISO_mef_average_Jul_HOUR.csv,Trades (food),1000,Jul,"(78396.72740519133, 1080319.0714168902)","(77359.61511849219, 1089818.7691269673)",0.25,0.001125,1087381.0532325935,electricity-carbon-cost/results/ACC_load_shape_results_11212024_CAISO.csv
virtual_battery,2021-07-01 00:00:00,2021-07-31 00:00:00,0.25,0.85,0.05,0.15,0.05,0.95,0.5,1,1e-06,0,gurobi,tariff,wwtp-energy-tariffs/data/WWTP_Billing.xlsx,6005025001,marginal,CAISO,data/grid_2021/MEF/CAISO/CAISO_mef_average_Jul_HOUR.csv,Trades (food),1000,Jul,"(78396.72740519133, 1080319.0714168902)","(77359.61511849219, 1089818.7691269673)",0.5,0.008687500000000004,1085070.2881859744,electricity-carbon-cost/results/ACC_load_shape_results_11212024_CAISO.csv
virtual_battery,2021-07-01 00:00:00,2021-07-31 00:00:00,0.25,0.85,0.05,0.15,0.05,0.95,0.5,1,1e-06,0,gurobi,tariff,wwtp-energy-tariffs/data/WWTP_Billing.xlsx,6005025001,marginal,CAISO,data/grid_2021/MEF/CAISO/CAISO_mef_average_Jul_HOUR.csv,Trades (food),1000,Jul,"(78396.72740519133, 1080319.0714168902)","(77359.61511849219, 1089818.7691269673)",0.75,0.20250000000000015,1082695.6051267586,electricity-carbon-cost/results/ACC_load_shape_results_11212024_CAISO.csv
virtual_battery,2021-07-01 00:00:00,2021-07-31 00:00:00,0.25,0.85,0.05,0.15,0.05,0.95,0.5,1,1e-06,0,gurobi,tariff,wwtp-energy-tariffs/data/WWTP_Billing.xlsx,6005025001,marginal,CAISO,data/grid_2021/MEF/CAISO/CAISO_mef_average_Jul_HOUR.csv,Trades (food),1000,Jul,"(78396.72740519133, 1080319.0714168902)","(77359.61511849219, 1089818.7691269673)",0.95,0.2783125000000002,1080794.0786263344,electricity-carbon-cost/results/ACC_load_shape_results_11212024_CAISO.csv
virtual_battery,2021-07-01 00:00:00,2021-07-31 00:00:00,0.25,0.85,0.05,0.15,0.05,0.95,0.5,1,1e-06,0,gurobi,tariff,wwtp-energy-tariffs/data/WWTP_Billing.xlsx,6005025001,marginal,CAISO,data/grid_2021/MEF/CAISO/CAISO_mef_average_Jul_HOUR.csv,Education,1000,Jul,"(77632.83944202971, 1081937.216258363)","(76605.12992418112, 1090418.3552586986)",0.05,0.000125,1090025.6316876246,electricity-carbon-cost/results/ACC_load_shape_results_11212024_CAISO.csv
virtual_battery,2021-07-01 00:00:00,2021-07-31 00:00:00,0.25,0.85,0.05,0.15,0.05,0.95,0.5,1,1e-06,0,gurobi,tariff,wwtp-energy-tariffs/data/WWTP_Billing.xlsx,6005025001,marginal,CAISO,data/grid_2021/MEF/CAISO/CAISO_mef_average_Jul_HOUR.csv,Education,1000,Jul,"(77632.83944202971, 1081937.216258363)","(76605.12992418112, 1090418.3552586986)",0.25,0.0010625,1088295.072897698,electricity-carbon-cost/results/ACC_load_shape_results_11212024_CAISO.csv
virtual_battery,2021-07-01 00:00:00,2021-07-31 00:00:00,0.25,0.85,0.05,0.15,0.05,0.95,0.5,1,1e-06,0,gurobi,tariff,wwtp-energy-tariffs/data/WWTP_Billing.xlsx,6005025001,marginal,CAISO,data/grid_2021/MEF/CAISO/CAISO_mef_average_Jul_HOUR.csv,Education,1000,Jul,"(77632.83944202971, 1081937.216258363)","(76605.12992418112, 1090418.3552586986)",0.5,0.014375000000000002,1086175.2429111644,electricity-carbon-cost/results/ACC_load_shape_results_11212024_CAISO.csv
virtual_battery,2021-07-01 00:00:00,2021-07-31 00:00:00,0.25,0.85,0.05,0.15,0.05,0.95,0.5,1,1e-06,0,gurobi,tariff,wwtp-energy-tariffs/data/WWTP_Billing.xlsx,6005025001,marginal,CAISO,data/grid_2021/MEF/CAISO/CAISO_mef_average_Jul_HOUR.csv,Education,1000,Jul,"(77632.83944202971, 1081937.216258363)","(76605.12992418112, 1090418.3552586986)",0.75,0.21162500000000017,1084058.6561106134,electricity-carbon-cost/results/ACC_load_shape_results_11212024_CAISO.csv
virtual_battery,2021-07-01 00:00:00,2021-07-31 00:00:00,0.25,0.85,0.05,0.15,0.05,0.95,0.5,1,1e-06,0,gurobi,tariff,wwtp-energy-tariffs/data/WWTP_Billing.xlsx,6005025001,marginal,CAISO,data/grid_2021/MEF/CAISO/CAISO_mef_average_Jul_HOUR.csv,Education,1000,Jul,"(77632.83944202971, 1081937.216258363)","(76605.12992418112, 1090418.3552586986)",0.95,0.28556250000000016,1082361.1438114117,electricity-carbon-cost/results/ACC_load_shape_results_11212024_CAISO.csv
virtual_battery,2021-07-01 00:00:00,2021-07-31 00:00:00,0.25,0.85,0.05,0.15,0.05,0.95,0.5,1,1e-06,0,gurobi,tariff,wwtp-energy-tariffs/data/WWTP_Billing.xlsx,6005025001,marginal,CAISO,data/grid_2021/MEF/CAISO/CAISO_mef_average_Jul_HOUR.csv,Office,1000,Jul,"(77822.80739814723, 1084002.7547943548)","(76853.85581669748, 1092349.1351133126)",0.05,0.0,1092349.1351133126,electricity-carbon-cost/results/ACC_load_shape_results_11212024_CAISO.csv
virtual_battery,2021-07-01 00:00:00,2021-07-31 00:00:00,0.25,0.85,0.05,0.15,0.05,0.95,0.5,1,1e-06,0,gurobi,tariff,wwtp-energy-tariffs/data/WWTP_Billing.xlsx,6005025001,marginal,CAISO,data/grid_2021/MEF/CAISO/CAISO_mef_average_Jul_HOUR.csv,Office,1000,Jul,"(77822.80739814723, 1084002.7547943548)","(76853.85581669748, 1092349.1351133126)",0.25,0.00075,1090339.1952377998,electricity-carbon-cost/results/ACC_load_shape_results_11212024_CAISO.csv
virtual_battery,2021-07-01 00:00:00,2021-07-31 00:00:00,0.25,0.85,0.05,0.15,0.05,0.95,0.5,1,1e-06,0,gurobi,tariff,wwtp-energy-tariffs/data/WWTP_Billing.xlsx,6005025001,marginal,CAISO,data/grid_2021/MEF/CAISO/CAISO_mef_average_Jul_HOUR.csv,Office,1000,Jul,"(77822.80739814723, 1084002.7547943548)","(76853.85581669748, 1092349.1351133126)",0.5,0.009875000000000002,1088180.772614926,electricity-carbon-cost/results/ACC_load_shape_results_11212024_CAISO.csv
virtual_battery,2021-07-01 00:00:00,2021-07-31 00:00:00,0.25,0.85,0.05,0.15,0.05,0.95,0.5,1,1e-06,0,gurobi,tariff,wwtp-energy-tariffs/data/WWTP_Billing.xlsx,6005025001,marginal,CAISO,data/grid_2021/MEF/CAISO/CAISO_mef_average_Jul_HOUR.csv,Office,1000,Jul,"(77822.80739814723, 1084002.7547943548)","(76853.85581669748, 1092349.1351133126)",0.75,0.21475000000000016,1086088.507378095,electricity-carbon-cost/results/ACC_load_shape_results_11212024_CAISO.csv
virtual_battery,2021-07-01 00:00:00,2021-07-31 00:00:00,0.25,0.85,0.05,0.15,0.05,0.95,0.5,1,1e-06,0,gurobi,tariff,wwtp-energy-tariffs/data/WWTP_Billing.xlsx,6005025001,marginal,CAISO,data/grid_2021/MEF/CAISO/CAISO_mef_average_Jul_HOUR.csv,Office,1000,Jul,"(77822.80739814723, 1084002.7547943548)","(76853.85581669748, 1092349.1351133126)",0.95,0.28206250000000016,1084419.9426740734,electricity-carbon-cost/results/ACC_load_shape_results_11212024_CAISO.csv
virtual_battery,2021-07-01 00:00:00,2021-07-31 00:00:00,0.25,0.85,0.05,0.15,0.05,0.95,0.5,1,1e-06,0,gurobi,tariff,wwtp-energy-tariffs/data/WWTP_Billing.xlsx,6005025001,marginal,CAISO,data/grid_2021/MEF/CAISO/CAISO_mef_average_Jul_HOUR.csv,Crop farming and transportation,1000,Jul,"(78639.50831858894, 1087887.3638420727)","(77633.95714314975, 1097307.7244731444)",0.05,0.0001875,1096881.798964057,electricity-carbon-cost/results/ACC_load_shape_results_11212024_CAISO.csv
virtual_battery,2021-07-01 00:00:00,2021-07-31 00:00:00,0.25,0.85,0.05,0.15,0.05,0.95,0.5,1,1e-06,0,gurobi,tariff,wwtp-energy-tariffs/data/WWTP_Billing.xlsx,6005025001,marginal,CAISO,data/grid_2021/MEF/CAISO/CAISO_mef_average_Jul_HOUR.csv,Crop farming and transportation,1000,Jul,"(78639.50831858894, 1087887.3638420727)","(77633.95714314975, 1097307.7244731444)",0.25,0.00075,1094860.5152963244,electricity-carbon-cost/results/ACC_load_shape_results_11212024_CAISO.csv
virtual_battery,2021-07-01 00:00:00,2021-07-31 00:00:00,0.25,0.85,0.05,0.15,0.05,0.95,0.5,1,1e-06,0,gurobi,tariff,wwtp-energy-tariffs/data/WWTP_Billing.xlsx,6005025001,marginal,CAISO,data/grid_2021/MEF/CAISO/CAISO_mef_average_Jul_HOUR.csv,Crop farming and transportation,1000,Jul,"(78639.50831858894, 1087887.3638420727)","(77633.95714314975, 1097307.7244731444)",0.5,0.008750000000000003,1092589.287458341,electricity-carbon-cost/results/ACC_load_shape_results_11212024_CAISO.csv
virtual_battery,2021-07-01 00:00:00,2021-07-31 00:00:00,0.25,0.85,0.05,0.15,0.05,0.95,0.5,1,1e-06,0,gurobi,tariff,wwtp-energy-tariffs/data/WWTP_Billing.xlsx,6005025001,marginal,CAISO,data/grid_2021/MEF/CAISO/CAISO_mef_average_Jul_HOUR.csv,Crop farming and transportation,1000,Jul,"(78639.50831858894, 1087887.3638420727)","(77633.95714314975, 1097307.7244731444)",0.75,0.19212500000000016,1090242.3873959351,electricity-carbon-cost/results/ACC_load_shape_results_11212024_CAISO.csv
virtual_battery,2021-07-01 00:00:00,2021-07-31 00:00:00,0.25,0.85,0.05,0.15,0.05,0.95,0.5,1,1e-06,0,gurobi,tariff,wwtp-energy-tariffs/data/WWTP_Billing.xlsx,6005025001,marginal,CAISO,data/grid_2021/MEF/CAISO/CAISO_mef_average_Jul_HOUR.csv,Crop farming and transportation,1000,Jul,"(78639.50831858894, 1087887.3638420727)","(77633.95714314975, 1097307.7244731444)",0.95,0.2783125000000002,1088358.5437125792,electricity-carbon-cost/results/ACC_load_shape_results_11212024_CAISO.csv
virtual_battery,2021-07-01 00:00:00,2021-07-31 00:00:00,0.25,0.85,0.05,0.15,0.05,0.95,0.5,1,1e-06,0,gurobi,tariff,wwtp-energy-tariffs/data/WWTP_Billing.xlsx,6005025001,marginal,CAISO,data/grid_2021/MEF/CAISO/CAISO_mef_average_Jul_HOUR.csv,Livestock farming,1000,Jul,"(78361.42153816253, 1091294.927232583)","(77420.04553588794, 1100194.088216286)",0.05,0.0,1100194.088216286,electricity-carbon-cost/results/ACC_load_shape_results_11212024_CAISO.csv
virtual_battery,2021-07-01 00:00:00,2021-07-31 00:00:00,0.25,0.85,0.05,0.15,0.05,0.95,0.5,1,1e-06,0,gurobi,tariff,wwtp-energy-tariffs/data/WWTP_Billing.xlsx,6005025001,marginal,CAISO,data/grid_2021/MEF/CAISO/CAISO_mef_average_Jul_HOUR.csv,Livestock farming,1000,Jul,"(78361.42153816253, 1091294.927232583)","(77420.04553588794, 1100194.088216286)",0.25,0.0006875000000000001,1098028.8606679246,electricity-carbon-cost/results/ACC_load_shape_results_11212024_CAISO.csv
virtual_battery,2021-07-01 00:00:00,2021-07-31 00:00:00,0.25,0.85,0.05,0.15,0.05,0.95,0.5,1,1e-06,0,gurobi,tariff,wwtp-energy-tariffs/data/WWTP_Billing.xlsx,6005025001,marginal,CAISO,data/grid_2021/MEF/CAISO/CAISO_mef_average_Jul_HOUR.csv,Livestock farming,1000,Jul,"(78361.42153816253, 1091294.927232583)","(77420.04553588794, 1100194.088216286)",0.5,0.006250000000000002,1095740.4415268349,electricity-carbon-cost/results/ACC_load_shape_results_11212024_CAISO.csv
virtual_battery,2021-07-01 00:00:00,2021-07-31 00:00:00,0.25,0.85,0.05,0.15,0.05,0.95,0.5,1,1e-06,0,gurobi,tariff,wwtp-energy-tariffs/data/WWTP_Billing.xlsx,6005025001,marginal,CAISO,data/grid_2021/MEF/CAISO/CAISO_mef_average_Jul_HOUR.csv,Livestock farming,1000,Jul,"(78361.42153816253, 1091294.927232583)","(77420.04553588794, 1100194.088216286)",0.75,0.10550000000000007,1093519.5401247214,electricity-carbon-cost/results/ACC_load_shape_results_11212024_CAISO.csv
virtual_battery,2021-07-01 00:00:00,2021-07-31 00:00:00,0.25,0.85,0.05,0.15,0.05,0.95,0.5,1,1e-06,0,gurobi,tariff,wwtp-energy-tariffs/data/WWTP_Billing.xlsx,6005025001,marginal,CAISO,data/grid_2021/MEF/CAISO/CAISO_mef_average_Jul_HOUR.csv,Livestock farming,1000,Jul,"(78361.42153816253, 1091294.927232583)","(77420.04553588794, 1100194.088216286)",0.95,0.2738125000000001,1091739.978468131,electricity-carbon-cost/results/ACC_load_shape_results_11212024_CAISO.csv
virtual_battery,2021-07-01 00:00:00,2021-07-31 00:00:00,0.25,0.85,0.05,0.15,0.05,0.95,0.5,1,1e-06,0,gurobi,tariff,wwtp-energy-tariffs/data/WWTP_Billing.xlsx,6005025001,marginal,CAISO,data/grid_2021/MEF/CAISO/CAISO_mef_average_Jul_HOUR.csv,Water supply and telecommunications,1000,Jul,"(77676.93328277937, 1087666.4331849357)","(76727.845183459, 1095688.5845542669)",0.05,0.0,1095688.5845542669,electricity-carbon-cost/results/ACC_load_shape_results_11212024_CAISO.csv
virtual_battery,2021-07-01 00:00:00,2021-07-31 00:00:00,0.25,0.85,0.05,0.15,0.05,0.95,0.5,1,1e-06,0,gurobi,tariff,wwtp-energy-tariffs/data/WWTP_Billing.xlsx,6005025001,marginal,CAISO,data/grid_2021/MEF/CAISO/CAISO_mef_average_Jul_HOUR.csv,Water supply and telecommunications,1000,Jul,"(77676.93328277937, 1087666.4331849357)","(76727.845183459, 1095688.5845542669)",0.25,0.00075,1093756.103650607,electricity-carbon-cost/results/ACC_load_shape_results_11212024_CAISO.csv
virtual_battery,2021-07-01 00:00:00,2021-07-31 00:00:00,0.25,0.85,0.05,0.15,0.05,0.95,0.5,1,1e-06,0,gurobi,tariff,wwtp-energy-tariffs/data/WWTP_Billing.xlsx,6005025001,marginal,CAISO,data/grid_2021/MEF/CAISO/CAISO_mef_average_Jul_HOUR.csv,Water supply and telecommunications,1000,Jul,"(77676.93328277937, 1087666.4331849357)","(76727.845183459, 1095688.5845542669)",0.5,0.010125000000000002,1091673.3072057897,electricity-carbon-cost/results/ACC_load_shape_results_11212024_CAISO.csv
virtual_battery,2021-07-01 00:00:00,2021-07-31 00:00:00,0.25,0.85,0.05,0.15,0.05,0.95,0.5,1,1e-06,0,gurobi,tariff,wwtp-energy-tariffs/data/WWTP_Billing.xlsx,6005025001,marginal,CAISO,data/grid_2021/MEF/CAISO/CAISO_mef_average_Jul_HOUR.csv,Water supply and telecommunications,1000,Jul,"(77676.93328277937, 1087666.4331849357)","(76727.845183459, 1095688.5845542669)",0.75,0.22518750000000018,1089672.1484678132,electricity-carbon-cost/results/ACC_load_shape_results_11212024_CAISO.csv
virtual_battery,2021-07-01 00:00:00,2021-07-31 00:00:00,0.25,0.85,0.05,0.15,0.05,0.95,0.5,1,1e-06,0,gurobi,tariff,wwtp-energy-tariffs/data/WWTP_Billing.xlsx,6005025001,marginal,CAISO,data/grid_2021/MEF/CAISO/CAISO_mef_average_Jul_HOUR.csv,Water supply and telecommunications,1000,Jul,"(77676.93328277937, 1087666.4331849357)","(76727.845183459, 1095688.5845542669)",0.95,0.27925000000000016,1088067.1898115124,electricity-carbon-cost/results/ACC_load_shape_results_11212024_CAISO.csv
virtual_battery,2021-07-01 00:00:00,2021-07-31 00:00:00,0.25,0.85,0.05,0.15,0.05,0.95,0.5,1,1e-06,0,gurobi,tariff,wwtp-energy-tariffs/data/WWTP_Billing.xlsx,6005025001,marginal,CAISO,data/grid_2021/MEF/CAISO/CAISO_mef_average_Jul_HOUR.csv,Restaurants,1000,Jul,"(78848.64815455544, 1096263.7075846)","(77706.7438680951, 1105851.0536121866)",0.05,0.00025,1105457.2411566898,electricity-carbon-cost/results/ACC_load_shape_results_11212024_CAISO.csv
virtual_battery,2021-07-01 00:00:00,2021-07-31 00:00:00,0.25,0.85,0.05,0.15,0.05,0.95,0.5,1,1e-06,0,gurobi,tariff,wwtp-energy-tariffs/data/WWTP_Billing.xlsx,6005025001,marginal,CAISO,data/grid_2021/MEF/CAISO/CAISO_mef_average_Jul_HOUR.csv,Restaurants,1000,Jul,"(78848.64815455544, 1096263.7075846)","(77706.7438680951, 1105851.0536121866)",0.25,0.0023750000000000004,1103466.2922304028,electricity-carbon-cost/results/ACC_load_shape_results_11212024_CAISO.csv
virtual_battery,2021-07-01 00:00:00,2021-07-31 00:00:00,0.25,0.85,0.05,0.15,0.05,0.95,0.5,1,1e-06,0,gurobi,tariff,wwtp-energy-tariffs/data/WWTP_Billing.xlsx,6005025001,marginal,CAISO,data/grid_2021/MEF/CAISO/CAISO_mef_average_Jul_HOUR.csv,Restaurants,1000,Jul,"(78848.64815455544, 1096263.7075846)","(77706.7438680951, 1105851.0536121866)",0.5,0.018125000000000006,1101055.6600294488,electricity-carbon-cost/results/ACC_load_shape_results_11212024_CAISO.csv
virtual_battery,2021-07-01 00:00:00,2021-07-31 00:00:00,0.25,0.85,0.05,0.15,0.05,0.95,0.5,1,1e-06,0,gurobi,tariff,wwtp-energy-tariffs/data/WWTP_Billing.xlsx,6005025001,marginal,CAISO,data/grid_2021/MEF/CAISO/CAISO_mef_average_Jul_HOUR.csv,Restaurants,1000,Jul,"(78848.64815455544, 1096263.7075846)","(77706.7438680951, 1105851.0536121866)",0.75,0.19868750000000016,1098660.8693868688,electricity-carbon-cost/results/ACC_load_shape_results_11212024_CAISO.csv
virtual_battery,2021-07-01 00:00:00,2021-07-31 00:00:00,0.25,0.85,0.05,0.15,0.05,0.95,0.5,1,1e-06,0,gurobi,tariff,wwtp-energy-tariffs/data/WWTP_Billing.xlsx,6005025001,marginal,CAISO,data/grid_2021/MEF/CAISO/CAISO_mef_average_Jul_HOUR.csv,Restaurants,1000,Jul,"(78848.64815455544, 1096263.7075846)","(77706.7438680951, 1105851.0536121866)",0.95,0.2895000000000002,1096743.5302163518,electricity-carbon-cost/results/ACC_load_shape_results_11212024_CAISO.csv
virtual_battery,2021-07-01 00:00:00,2021-07-31 00:00:00,0.25,0.85,0.05,0.15,0.05,0.95,0.5,1,1e-06,0,gurobi,tariff,wwtp-energy-tariffs/data/WWTP_Billing.xlsx,6005025001,marginal,CAISO,data/grid_2021/MEF/CAISO/CAISO_mef_average_Jul_HOUR.csv,Food industry,1000,Jul,"(77697.28524423932, 1085623.6497196995)","(76793.95268690589, 1093027.791908853)",0.05,0.0,1093027.791908853,electricity-carbon-cost/results/ACC_load_shape_results_11212024_CAISO.csv
virtual_battery,2021-07-01 00:00:00,2021-07-31 00:00:00,0.25,0.85,0.05,0.15,0.05,0.95,0.5,1,1e-06,0,gurobi,tariff,wwtp-energy-tariffs/data/WWTP_Billing.xlsx,6005025001,marginal,CAISO,data/grid_2021/MEF/CAISO/CAISO_mef_average_Jul_HOUR.csv,Food industry,1000,Jul,"(77697.28524423932, 1085623.6497196995)","(76793.95268690589, 1093027.791908853)",0.25,0.0005625000000000001,1091168.9413055275,electricity-carbon-cost/results/ACC_load_shape_results_11212024_CAISO.csv
virtual_battery,2021-07-01 00:00:00,2021-07-31 00:00:00,0.25,0.85,0.05,0.15,0.05,0.95,0.5,1,1e-06,0,gurobi,tariff,wwtp-energy-tariffs/data/WWTP_Billing.xlsx,6005025001,marginal,CAISO,data/grid_2021/MEF/CAISO/CAISO_mef_average_Jul_HOUR.csv,Food industry,1000,Jul,"(77697.28524423932, 1085623.6497196995)","(76793.95268690589, 1093027.791908853)",0.5,0.011625000000000003,1089328.823993073,electricity-carbon-cost/results/ACC_load_shape_results_11212024_CAISO.csv
virtual_battery,2021-07-01 00:00:00,2021-07-31 00:00:00,0.25,0.85,0.05,0.15,0.05,0.95,0.5,1,1e-06,0,gurobi,tariff,wwtp-energy-tariffs/data/WWTP_Billing.xlsx,6005025001,marginal,CAISO,data/grid_2021/MEF/CAISO/CAISO_mef_average_Jul_HOUR.csv,Food industry,1000,Jul,"(77697.28524423932, 1085623.6497196995)","(76793.95268690589, 1093027.791908853)",0.75,0.2441250000000002,1087476.9112345562,electricity-carbon-cost/results/ACC_load_shape_results_11212024_CAISO.csv
virtual_battery,2021-07-01 00:00:00,2021-07-31 00:00:00,0.25,0.85,0.05,0.15,0.05,0.95,0.5,1,1e-06,0,gurobi,tariff,wwtp-energy-tariffs/data/WWTP_Billing.xlsx,6005025001,marginal,CAISO,data/grid_2021/MEF/CAISO/CAISO_mef_average_Jul_HOUR.csv,Food industry,1000,Jul,"(77697.28524423932, 1085623.6497196995)","(76793.95268690589, 1093027.791908853)",0.95,0.2793125000000002,1085993.7535527253,electricity-carbon-cost/results/ACC_load_shape_results_11212024_CAISO.csv
virtual_battery,2021-07-01 00:00:00,2021-07-31 00:00:00,0.25,0.85,0.05,0.15,0.05,0.95,0.5,1,1e-06,0,gurobi,tariff,wwtp-energy-tariffs/data/WWTP_Billing.xlsx,6005025001,marginal,CAISO,data/grid_2021/MEF/CAISO/CAISO_mef_average_Jul_HOUR.csv,Wine industry,1000,Jul,"(77931.6949839707, 1087754.4456456008)","(76984.26363625156, 1095271.615482763)",0.05,0.0,1095271.615482763,electricity-carbon-cost/results/ACC_load_shape_results_11212024_CAISO.csv
virtual_battery,2021-07-01 00:00:00,2021-07-31 00:00:00,0.25,0.85,0.05,0.15,0.05,0.95,0.5,1,1e-06,0,gurobi,tariff,wwtp-energy-tariffs/data/WWTP_Billing.xlsx,6005025001,marginal,CAISO,data/grid_2021/MEF/CAISO/CAISO_mef_average_Jul_HOUR.csv,Wine industry,1000,Jul,"(77931.6949839707, 1087754.4456456008)","(76984.26363625156, 1095271.615482763)",0.25,0.0010625,1093379.7920330698,electricity-carbon-cost/results/ACC_load_shape_results_11212024_CAISO.csv
virtual_battery,2021-07-01 00:00:00,2021-07-31 00:00:00,0.25,0.85,0.05,0.15,0.05,0.95,0.5,1,1e-06,0,gurobi,tariff,wwtp-energy-tariffs/data/WWTP_Billing.xlsx,6005025001,marginal,CAISO,data/grid_2021/MEF/CAISO/CAISO_mef_average_Jul_HOUR.csv,Wine industry,1000,Jul,"(77931.6949839707, 1087754.4456456008)","(76984.26363625156, 1095271.615482763)",0.5,0.013875000000000002,1091510.951290136,electricity-carbon-cost/results/ACC_load_shape_results_11212024_CAISO.csv
virtual_battery,2021-07-01 00:00:00,2021-07-31 00:00:00,0.25,0.85,0.05,0.15,0.05,0.95,0.5,1,1e-06,0,gurobi,tariff,wwtp-energy-tariffs/data/WWTP_Billing.xlsx,6005025001,marginal,CAISO,data/grid_2021/MEF/CAISO/CAISO_mef_average_Jul_HOUR.csv,Wine industry,1000,Jul,"(77931.6949839707, 1087754.4456456008)","(76984.26363625156, 1095271.615482763)",0.75,0.23881250000000018,1089633.611724317,electricity-carbon-cost/results/ACC_load_shape_results_11212024_CAISO.csv
virtual_battery,2021-07-01 00:00:00,2021-07-31 00:00:00,0.25,0.85,0.05,0.15,0.05,0.95,0.5,1,1e-06,0,gurobi,tariff,wwtp-energy-tariffs/data/WWTP_Billing.xlsx,6005025001,marginal,CAISO,data/grid_2021/MEF/CAISO/CAISO_mef_average_Jul_HOUR.csv,Wine industry,1000,Jul,"(77931.6949839707, 1087754.4456456008)","(76984.26363625156, 1095271.615482763)",0.95,0.2826875000000002,1088130.2827161502,electricity-carbon-cost/results/ACC_load_shape_results_11212024_CAISO.csv
virtual_battery,2021-07-01 00:00:00,2021-07-31 00:00:00,0.25,0.85,0.05,0.15,0.05,0.95,0.5,1,1e-06,0,gurobi,tariff,wwtp-energy-tariffs/data/WWTP_Billing.xlsx,6005025001,marginal,CAISO,data/grid_2021/MEF/CAISO/CAISO_mef_average_Jul_HOUR.csv,Energy supply and rental activities,1000,Jul,"(77885.48546085197, 1083315.393461203)","(76895.4049802171, 1091773.0813285736)",0.05,0.0,1091773.0813285736,electricity-carbon-cost/results/ACC_load_shape_results_11212024_CAISO.csv
virtual_battery,2021-07-01 00:00:00,2021-07-31 00:00:00,0.25,0.85,0.05,0.15,0.05,0.95,0.5,1,1e-06,0,gurobi,tariff,wwtp-energy-tariffs/data/WWTP_Billing.xlsx,6005025001,marginal,CAISO,data/grid_2021/MEF/CAISO/CAISO_mef_average_Jul_HOUR.csv,Energy supply and rental activities,1000,Jul,"(77885.48546085197, 1083315.393461203)","(76895.4049802171, 1091773.0813285736)",0.25,0.00075,1089734.6751787064,electricity-carbon-cost/results/ACC_load_shape_results_11212024_CAISO.csv
virtual_battery,2021-07-01 00:00:00,2021-07-31 00:00:00,0.25,0.85,0.05,0.15,0.05,0.95,0.5,1,1e-06,0,gurobi,tariff,wwtp-energy-tariffs/data/WWTP_Billing.xlsx,6005025001,marginal,CAISO,data/grid_2021/MEF/CAISO/CAISO_mef_average_Jul_HOUR.csv,Energy supply and rental activities,1000,Jul,"(77885.48546085197, 1083315.393461203)","(76895.4049802171, 1091773.0813285736)",0.5,0.010375000000000002,1087540.1721857577,electricity-carbon-cost/results/ACC_load_shape_results_11212024_CAISO.csv
virtual_battery,2021-07-01 00:00:00,2021-07-31 00:00:00,0.25,0.85,0.05,0.15,0.05,0.95,0.5,1,1e-06,0,gurobi,tariff,wwtp-energy-tariffs/data/WWTP_Billing.xlsx,6005025001,marginal,CAISO,data/grid_2021/MEF/CAISO/CAISO_mef_average_Jul_HOUR.csv,Energy supply and rental activities,1000,Jul,"(77885.48546085197, 1083315.393461203)","(76895.4049802171, 1091773.0813285736)",0.75,0.21393750000000017,1085430.3192737403,electricity-carbon-cost/results/ACC_load_shape_results_11212024_CAISO.csv
virtual_battery,2021-07-01 00:00:00,2021-07-31 00:00:00,0.25,0.85,0.05,0.15,0.05,0.95,0.5,1,1e-06,0,gurobi,tariff,wwtp-energy-tariffs/data/WWTP_Billing.xlsx,6005025001,marginal,CAISO,data/grid_2021/MEF/CAISO/CAISO_mef_average_Jul_HOUR.csv,Energy supply and rental activities,1000,Jul,"(77885.48546085197, 1083315.393461203)","(76895.4049802171, 1091773.0813285736)",0.95,0.2845000000000002,1083738.7621981946,electricity-carbon-cost/results/ACC_load_shape_results_11212024_CAISO.csv
virtual_battery,2021-07-01 00:00:00,2021-07-31 00:00:00,0.25,0.85,0.05,0.15,0.05,0.95,0.5,1,1e-06,0,gurobi,tariff,wwtp-energy-tariffs/data/WWTP_Billing.xlsx,6005025001,marginal,CAISO,data/grid_2021/MEF/CAISO/CAISO_mef_average_Jul_HOUR.csv,Hotels,1000,Jul,"(78326.57571284974, 1096099.8347146327)","(77348.3583435982, 1105142.7471349132)",0.05,0.0001875,1104741.0837066483,electricity-carbon-cost/results/ACC_load_shape_results_11212024_CAISO.csv
virtual_battery,2021-07-01 00:00:00,2021-07-31 00:00:00,0.25,0.85,0.05,0.15,0.05,0.95,0.5,1,1e-06,0,gurobi,tariff,wwtp-energy-tariffs/data/WWTP_Billing.xlsx,6005025001,marginal,CAISO,data/grid_2021/MEF/CAISO/CAISO_mef_average_Jul_HOUR.csv,Hotels,1000,Jul,"(78326.57571284974, 1096099.8347146327)","(77348.3583435982, 1105142.7471349132)",0.25,0.001,1102924.2391890222,electricity-carbon-cost/results/ACC_load_shape_results_11212024_CAISO.csv
virtual_battery,2021-07-01 00:00:00,2021-07-31 00:00:00,0.25,0.85,0.05,0.15,0.05,0.95,0.5,1,1e-06,0,gurobi,tariff,wwtp-energy-tariffs/data/WWTP_Billing.xlsx,6005025001,marginal,CAISO,data/grid_2021/MEF/CAISO/CAISO_mef_average_Jul_HOUR.csv,Hotels,1000,Jul,"(78326.57571284974, 1096099.8347146327)","(77348.3583435982, 1105142.7471349132)",0.5,0.007062500000000002,1100624.0902626258,electricity-carbon-cost/results/ACC_load_shape_results_11212024_CAISO.csv
virtual_battery,2021-07-01 00:00:00,2021-07-31 00:00:00,0.25,0.85,0.05,0.15,0.05,0.95,0.5,1,1e-06,0,gurobi,tariff,wwtp-energy-tariffs/data/WWTP_Billing.xlsx,6005025001,marginal,CAISO,data/grid_2021/MEF/CAISO/CAISO_mef_average_Jul_HOUR.csv,Hotels,1000,Jul,"(78326.57571284974, 1096099.8347146327)","(77348.3583435982, 1105142.7471349132)",0.75,0.1518125000000001,1098360.5023892552,electricity-carbon-cost/results/ACC_load_shape_results_11212024_CAISO.csv
virtual_battery,2021-07-01 00:00:00,2021-07-31 00:00:00,0.25,0.85,0.05,0.15,0.05,0.95,0.5,1,1e-06,0,gurobi,tariff,wwtp-energy-tariffs/data/WWTP_Billing.xlsx,6005025001,marginal,CAISO,data/grid_2021/MEF/CAISO/CAISO_mef_average_Jul_HOUR.csv,Hotels,1000,Jul,"(78326.57571284974, 1096099.8347146327)","(77348.3583435982, 1105142.7471349132)",0.95,0.27506250000000015,1096552.0828152422,electricity-carbon-cost/results/ACC_load_shape_results_11212024_CAISO.csv
virtual_battery,2021-07-01 00:00:00,2021-07-31 00:00:00,0.25,0.85,0.05,0.15,0.05,0.95,0.5,1,1e-06,0,gurobi,tariff,wwtp-energy-tariffs/data/WWTP_Billing.xlsx,6005025001,marginal,CAISO,data/grid_2021/MEF/CAISO/CAISO_mef_average_Jul_HOUR.csv,Bakery,1000,Jul,"(77604.56162608138, 1083797.4207404358)","(76709.71055173968, 1091354.8866397422)",0.05,0.0,1091354.8866397422,electricity-carbon-cost/results/ACC_load_shape_results_11212024_CAISO.csv
virtual_battery,2021-07-01 00:00:00,2021-07-31 00:00:00,0.25,0.85,0.05,0.15,0.05,0.95,0.5,1,1e-06,0,gurobi,tariff,wwtp-energy-tariffs/data/WWTP_Billing.xlsx,6005025001,marginal,CAISO,data/grid_2021/MEF/CAISO/CAISO_mef_average_Jul_HOUR.csv,Bakery,1000,Jul,"(77604.56162608138, 1083797.4207404358)","(76709.71055173968, 1091354.8866397422)",0.25,0.0005625000000000001,1089508.6223958607,electricity-carbon-cost/results/ACC_load_shape_results_11212024_CAISO.csv
virtual_battery,2021-07-01 00:00:00,2021-07-31 00:00:00,0.25,0.85,0.05,0.15,0.05,0.95,0.5,1,1e-06,0,gurobi,tariff,wwtp-energy-tariffs/data/WWTP_Billing.xlsx,6005025001,marginal,CAISO,data/grid_2021/MEF/CAISO/CAISO_mef_average_Jul_HOUR.csv,Bakery,1000,Jul,"(77604.56162608138, 1083797.4207404358)","(76709.71055173968, 1091354.8866397422)",0.5,0.010312500000000002,1087576.743103869,electricity-carbon-cost/results/ACC_load_shape_results_11212024_CAISO.csv
virtual_battery,2021-07-01 00:00:00,2021-07-31 00:00:00,0.25,0.85,0.05,0.15,0.05,0.95,0.5,1,1e-06,0,gurobi,tariff,wwtp-energy-tariffs/data/WWTP_Billing.xlsx,6005025001,marginal,CAISO,data/grid_2021/MEF/CAISO/CAISO_mef_average_Jul_HOUR.csv,Bakery,1000,Jul,"(77604.56162608138, 1083797.4207404358)","(76709.71055173968, 1091354.8866397422)",0.75,0.24356250000000018,1085686.7802618437,electricity-carbon-cost/results/ACC_load_shape_results_11212024_CAISO.csv
virtual_battery,2021-07-01 00:00:00,2021-07-31 00:00:00,0.25,0.85,0.05,0.15,0.05,0.95,0.5,1,1e-06,0,gurobi,tariff,wwtp-energy-tariffs/data/WWTP_Billing.xlsx,6005025001,marginal,CAISO,data/grid_2021/MEF/CAISO/CAISO_mef_average_Jul_HOUR.csv,Bakery,1000,Jul,"(77604.56162608138, 1083797.4207404358)","(76709.71055173968, 1091354.8866397422)",0.95,0.2785000000000002,1084174.8151530444,electricity-carbon-cost/results/ACC_load_shape_results_11212024_CAISO.csv
virtual_battery,2021-07-01 00:00:00,2021-07-31 00:00:00,0.25,0.85,0.05,0.15,0.05,0.95,0.5,1,1e-06,0,gurobi,tariff,wwtp-energy-tariffs/data/WWTP_Billing.xlsx,6005025001,marginal,CAISO,data/grid_2021/MEF/CAISO/CAISO_mef_average_Jul_HOUR.csv,Property management,1000,Jul,"(78624.70344914985, 1090113.0647451198)","(77605.96270126295, 1099280.3553525012)",0.05,0.00025,1098871.5522769294,electricity-carbon-cost/results/ACC_load_shape_results_11212024_CAISO.csv
virtual_battery,2021-07-01 00:00:00,2021-07-31 00:00:00,0.25,0.85,0.05,0.15,0.05,0.95,0.5,1,1e-06,0,gurobi,tariff,wwtp-energy-tariffs/data/WWTP_Billing.xlsx,6005025001,marginal,CAISO,data/grid_2021/MEF/CAISO/CAISO_mef_average_Jul_HOUR.csv,Property management,1000,Jul,"(78624.70344914985, 1090113.0647451198)","(77605.96270126295, 1099280.3553525012)",0.25,0.0015625,1096985.515967505,electricity-carbon-cost/results/ACC_load_shape_results_11212024_CAISO.csv
virtual_battery,2021-07-01 00:00:00,2021-07-31 00:00:00,0.25,0.85,0.05,0.15,0.05,0.95,0.5,1,1e-06,0,gurobi,tariff,wwtp-energy-tariffs/data/WWTP_Billing.xlsx,6005025001,marginal,CAISO,data/grid_2021/MEF/CAISO/CAISO_mef_average_Jul_HOUR.csv,Property management,1000,Jul,"(78624.70344914985, 1090113.0647451198)","(77605.96270126295, 1099280.3553525012)",0.5,0.011062500000000003,1094699.7242992634,electricity-carbon-cost/results/ACC_load_shape_results_11212024_CAISO.csv
virtual_battery,2021-07-01 00:00:00,2021-07-31 00:00:00,0.25,0.85,0.05,0.15,0.05,0.95,0.5,1,1e-06,0,gurobi,tariff,wwtp-energy-tariffs/data/WWTP_Billing.xlsx,6005025001,marginal,CAISO,data/grid_2021/MEF/CAISO/CAISO_mef_average_Jul_HOUR.csv,Property management,1000,Jul,"(78624.70344914985, 1090113.0647451198)","(77605.96270126295, 1099280.3553525012)",0.75,0.20468750000000016,1092404.8599208258,electricity-carbon-cost/results/ACC_load_shape_results_11212024_CAISO.csv
virtual_battery,2021-07-01 00:00:00,2021-07-31 00:00:00,0.25,0.85,0.05,0.15,0.05,0.95,0.5,1,1e-06,0,gurobi,tariff,wwtp-energy-tariffs/data/WWTP_Billing.xlsx,6005025001,marginal,CAISO,data/grid_2021/MEF/CAISO/CAISO_mef_average_Jul_HOUR.csv,Property management,1000,Jul,"(78624.70344914985, 1090113.0647451198)","(77605.96270126295, 1099280.3553525012)",0.95,0.2925000000000002,1090571.721102192,electricity-carbon-cost/results/ACC_load_shape_results_11212024_CAISO.csv
virtual_battery,2021-07-01 00:00:00,2021-07-31 00:00:00,0.25,0.85,0.05,0.15,0.05,0.95,0.5,1,1e-06,0,gurobi,tariff,wwtp-energy-tariffs/data/WWTP_Billing.xlsx,6005025001,marginal,CAISO,data/grid_2021/MEF/CAISO/CAISO_mef_average_Jul_HOUR.csv,Hospital activities,1000,Jul,"(77920.88714312909, 1083089.883969168)","(76895.84005742143, 1091817.6555914765)",0.05,0.00015625,1091333.2459847308,electricity-carbon-cost/results/ACC_load_shape_results_11212024_CAISO.csv
virtual_battery,2021-07-01 00:00:00,2021-07-31 00:00:00,0.25,0.85,0.05,0.15,0.05,0.95,0.5,1,1e-06,0,gurobi,tariff,wwtp-energy-tariffs/data/WWTP_Billing.xlsx,6005025001,marginal,CAISO,data/grid_2021/MEF/CAISO/CAISO_mef_average_Jul_HOUR.csv,Hospital activities,1000,Jul,"(77920.88714312909, 1083089.883969168)","(76895.84005742143, 1091817.6555914765)",0.25,0.0009375,1089634.3731094932,electricity-carbon-cost/results/ACC_load_shape_results_11212024_CAISO.csv
virtual_battery,2021-07-01 00:00:00,2021-07-31 00:00:00,0.25,0.85,0.05,0.15,0.05,0.95,0.5,1,1e-06,0,gurobi,tariff,wwtp-energy-tariffs/data/WWTP_Billing.xlsx,6005025001,marginal,CAISO,data/grid_2021/MEF/CAISO/CAISO_mef_average_Jul_HOUR.csv,Hospital activities,1000,Jul,"(77920.88714312909, 1083089.883969168)","(76895.84005742143, 1091817.6555914765)",0.5,0.012625000000000004,1087456.9013253965,electricity-carbon-cost/results/ACC_load_shape_results_11212024_CAISO.csv
virtual_battery,2021-07-01 00:00:00,2021-07-31 00:00:00,0.25,0.85,0.05,0.15,0.05,0.95,0.5,1,1e-06,0,gurobi,tariff,wwtp-energy-tariffs/data/WWTP_Billing.xlsx,6005025001,marginal,CAISO,data/grid_2021/MEF/CAISO/CAISO_mef_average_Jul_HOUR.csv,Hospital activities,1000,Jul,"(77920.88714312909, 1083089.883969168)","(76895.84005742143, 1091817.6555914765)",0.75,0.2115000000000002,1085272.5837568117,electricity-carbon-cost/results/ACC_load_shape_results_11212024_CAISO.csv
virtual_battery,2021-07-01 00:00:00,2021-07-31 00:00:00,0.25,0.85,0.05,0.15,0.05,0.95,0.5,1,1e-06,0,gurobi,tariff,wwtp-energy-tariffs/data/WWTP_Billing.xlsx,6005025001,marginal,CAISO,data/grid_2021/MEF/CAISO/CAISO_mef_average_Jul_HOUR.csv,Hospital activities,1000,Jul,"(77920.88714312909, 1083089.883969168)","(76895.84005742143, 1091817.6555914765)",0.95,0.2876250000000002,1083526.7294005104,electricity-carbon-cost/results/ACC_load_shape_results_11212024_CAISO.csv
virtual_battery,2021-07-01 00:00:00,2021-07-31 00:00:00,0.25,0.85,0.05,0.15,0.05,0.95,0.5,1,1e-06,0,gurobi,tariff,wwtp-energy-tariffs/data/WWTP_Billing.xlsx,6005025001,marginal,CAISO,data/grid_2021/MEF/CAISO/CAISO_mef_average_Jul_HOUR.csv,Recreational and social activities,1000,Jul,"(78526.46465123109, 1089124.440950339)","(77486.7612695198, 1097934.5683653485)",0.05,0.00015625,1097470.5670828046,electricity-carbon-cost/results/ACC_load_shape_results_11212024_CAISO.csv
virtual_battery,2021-07-01 00:00:00,2021-07-31 00:00:00,0.25,0.85,0.05,0.15,0.05,0.95,0.5,1,1e-06,0,gurobi,tariff,wwtp-energy-tariffs/data/WWTP_Billing.xlsx,6005025001,marginal,CAISO,data/grid_2021/MEF/CAISO/CAISO_mef_average_Jul_HOUR.csv,Recreational and social activities,1000,Jul,"(78526.46465123109, 1089124.440950339)","(77486.7612695198, 1097934.5683653485)",0.25,0.00125,1095749.548913421,electricity-carbon-cost/results/ACC_load_shape_results_11212024_CAISO.csv
virtual_battery,2021-07-01 00:00:00,2021-07-31 00:00:00,0.25,0.85,0.05,0.15,0.05,0.95,0.5,1,1e-06,0,gurobi,tariff,wwtp-energy-tariffs/data/WWTP_Billing.xlsx,6005025001,marginal,CAISO,data/grid_2021/MEF/CAISO/CAISO_mef_average_Jul_HOUR.csv,Recreational and social activities,1000,Jul,"(78526.46465123109, 1089124.440950339)","(77486.7612695198, 1097934.5683653485)",0.5,0.012312500000000004,1093528.0900650064,electricity-carbon-cost/results/ACC_load_shape_results_11212024_CAISO.csv
virtual_battery,2021-07-01 00:00:00,2021-07-31 00:00:00,0.25,0.85,0.05,0.15,0.05,0.95,0.5,1,1e-06,0,gurobi,tariff,wwtp-energy-tariffs/data/WWTP_Billing.xlsx,6005025001,marginal,CAISO,data/grid_2021/MEF/CAISO/CAISO_mef_average_Jul_HOUR.csv,Recreational and social activities,1000,Jul,"(78526.46465123109, 1089124.440950339)","(77486.7612695198, 1097934.5683653485)",0.75,0.20543750000000016,1091326.9771886559,electricity-carbon-cost/results/ACC_load_shape_results_11212024_CAISO.csv
virtual_battery,2021-07-01 00:00:00,2021-07-31 00:00:00,0.25,0.85,0.05,0.15,0.05,0.95,0.5,1,1e-06,0,gurobi,tariff,wwtp-energy-tariffs/data/WWTP_Billing.xlsx,6005025001,marginal,CAISO,data/grid_2021/MEF/CAISO/CAISO_mef_average_Jul_HOUR.csv,Recreational and social activities,1000,Jul,"(78526.46465123109, 1089124.440950339)","(77486.7612695198, 1097934.5683653485)",0.95,0.28456250000000016,1089564.9192577451,electricity-carbon-cost/results/ACC_load_shape_results_11212024_CAISO.csv
virtual_battery,2021-07-01 00:00:00,2021-07-31 00:00:00,0.25,0.85,0.05,0.15,0.05,0.95,0.5,1,1e-06,0,gurobi,tariff,wwtp-energy-tariffs/data/WWTP_Billing.xlsx,6005025001,marginal,CAISO,data/grid_2021/MEF/CAISO/CAISO_mef_average_Jul_HOUR.csv,Construction,1000,Jul,"(77344.82492889189, 1079614.484653353)","(76324.91627246978, 1089074.5711222813)",0.05,0.000125,1088535.8166873609,electricity-carbon-cost/results/ACC_load_shape_results_11212024_CAISO.csv
virtual_battery,2021-07-01 00:00:00,2021-07-31 00:00:00,0.25,0.85,0.05,0.15,0.05,0.95,0.5,1,1e-06,0,gurobi,tariff,wwtp-energy-tariffs/data/WWTP_Billing.xlsx,6005025001,marginal,CAISO,data/grid_2021/MEF/CAISO/CAISO_mef_average_Jul_HOUR.csv,Construction,1000,Jul,"(77344.82492889189, 1079614.484653353)","(76324.91627246978, 1089074.5711222813)",0.25,0.0006875000000000001,1086778.3712706936,electricity-carbon-cost/results/ACC_load_shape_results_11212024_CAISO.csv
virtual_battery,2021-07-01 00:00:00,2021-07-31 00:00:00,0.25,0.85,0.05,0.15,0.05,0.95,0.5,1,1e-06,0,gurobi,tariff,wwtp-energy-tariffs/data/WWTP_Billing.xlsx,6005025001,marginal,CAISO,data/grid_2021/MEF/CAISO/CAISO_mef_average_Jul_HOUR.csv,Construction,1000,Jul,"(77344.82492889189, 1079614.484653353)","(76324.91627246978, 1089074.5711222813)",0.5,0.007250000000000002,1084339.7849653936,electricity-carbon-cost/results/ACC_load_shape_results_11212024_CAISO.csv
virtual_battery,2021-07-01 00:00:00,2021-07-31 00:00:00,0.25,0.85,0.05,0.15,0.05,0.95,0.5,1,1e-06,0,gurobi,tariff,wwtp-energy-tariffs/data/WWTP_Billing.xlsx,6005025001,marginal,CAISO,data/grid_2021/MEF/CAISO/CAISO_mef_average_Jul_HOUR.csv,Construction,1000,Jul,"(77344.82492889189, 1079614.484653353)","(76324.91627246978, 1089074.5711222813)",0.75,0.17606250000000012,1081979.468090369,electricity-carbon-cost/results/ACC_load_shape_results_11212024_CAISO.csv
virtual_battery,2021-07-01 00:00:00,2021-07-31 00:00:00,0.25,0.85,0.05,0.15,0.05,0.95,0.5,1,1e-06,0,gurobi,tariff,wwtp-energy-tariffs/data/WWTP_Billing.xlsx,6005025001,marginal,CAISO,data/grid_2021/MEF/CAISO/CAISO_mef_average_Jul_HOUR.csv,Construction,1000,Jul,"(77344.82492889189, 1079614.484653353)","(76324.91627246978, 1089074.5711222813)",0.95,0.27681250000000013,1080087.406263748,electricity-carbon-cost/results/ACC_load_shape_results_11212024_CAISO.csv
virtual_battery,2021-07-01 00:00:00,2021-07-31 00:00:00,0.25,0.85,0.05,0.15,0.05,0.95,0.5,1,1e-06,0,gurobi,tariff,wwtp-energy-tariffs/data/WWTP_Billing.xlsx,6005025001,marginal,CAISO,data/grid_2021/MEF/CAISO/CAISO_mef_average_Jul_HOUR.csv,Flat,1000,Jul,"(77623.97297890164, 1088240.5123272843)","(76796.41470199273, 1094777.830827499)",0.05,0.0,1094777.830827499,electricity-carbon-cost/results/ACC_load_shape_results_11212024_CAISO.csv
virtual_battery,2021-07-01 00:00:00,2021-07-31 00:00:00,0.25,0.85,0.05,0.15,0.05,0.95,0.5,1,1e-06,0,gurobi,tariff,wwtp-energy-tariffs/data/WWTP_Billing.xlsx,6005025001,marginal,CAISO,data/grid_2021/MEF/CAISO/CAISO_mef_average_Jul_HOUR.csv,Flat,1000,Jul,"(77623.97297890164, 1088240.5123272843)","(76796.41470199273, 1094777.830827499)",0.25,0.00046875,1093153.3602421773,electricity-carbon-cost/results/ACC_load_shape_results_11212024_CAISO.csv
virtual_battery,2021-07-01 00:00:00,2021-07-31 00:00:00,0.25,0.85,0.05,0.15,0.05,0.95,0.5,1,1e-06,0,gurobi,tariff,wwtp-energy-tariffs/data/WWTP_Billing.xlsx,6005025001,marginal,CAISO,data/grid_2021/MEF/CAISO/CAISO_mef_average_Jul_HOUR.csv,Flat,1000,Jul,"(77623.97297890164, 1088240.5123272843)","(76796.41470199273, 1094777.830827499)",0.5,0.012375000000000004,1091513.1920031342,electricity-carbon-cost/results/ACC_load_shape_results_11212024_CAISO.csv
virtual_battery,2021-07-01 00:00:00,2021-07-31 00:00:00,0.25,0.85,0.05,0.15,0.05,0.95,0.5,1,1e-06,0,gurobi,tariff,wwtp-energy-tariffs/data/WWTP_Billing.xlsx,6005025001,marginal,CAISO,data/grid_2021/MEF/CAISO/CAISO_mef_average_Jul_HOUR.csv,Flat,1000,Jul,"(77623.97297890164, 1088240.5123272843)","(76796.41470199273, 1094777.830827499)",0.75,0.24981250000000021,1089875.574264298,electricity-carbon-cost/results/ACC_load_shape_results_11212024_CAISO.csv
virtual_battery,2021-07-01 00:00:00,2021-07-31 00:00:00,0.25,0.85,0.05,0.15,0.05,0.95,0.5,1,1e-06,0,gurobi,tariff,wwtp-energy-tariffs/data/WWTP_Billing.xlsx,6005025001,marginal,CAISO,data/grid_2021/MEF/CAISO/CAISO_mef_average_Jul_HOUR.csv,Flat,1000,Jul,"(77623.97297890164, 1088240.5123272843)","(76796.41470199273, 1094777.830827499)",0.95,0.27793750000000017,1088567.523510777,electricity-carbon-cost/results/ACC_load_shape_results_11212024_CAISO.csv
virtual_battery,2021-01-01 00:00:00,2021-01-31 23:45:00,0.25,0.85,0.05,0.15,0.05,0.95,0.5,1,1e-06,0,gurobi,tariff,wwtp-energy-tariffs/data/WWTP_Billing.xlsx,6005025001,marginal,CAISO,data/grid_2021/MEF/CAISO/CAISO_mef_average_Jan_HOUR.csv,Flat,1000,Jan,"(75325.44914839744, 974572.7021733952)","(75053.73854364814, 984610.684092364)",0.05,0.0,984610.684092364,electricity-carbon-cost/results/ACC_load_shape_results_11212024_CAISO.csv
virtual_battery,2021-01-01 00:00:00,2021-01-31 23:45:00,0.25,0.85,0.05,0.15,0.05,0.95,0.5,1,1e-06,0,gurobi,tariff,wwtp-energy-tariffs/data/WWTP_Billing.xlsx,6005025001,marginal,CAISO,data/grid_2021/MEF/CAISO/CAISO_mef_average_Jan_HOUR.csv,Flat,1000,Jan,"(75325.44914839744, 974572.7021733952)","(75053.73854364814, 984610.684092364)",0.25,0.00014062500000000002,982040.7251707312,electricity-carbon-cost/results/ACC_load_shape_results_11212024_CAISO.csv
virtual_battery,2021-01-01 00:00:00,2021-01-31 23:45:00,0.25,0.85,0.05,0.15,0.05,0.95,0.5,1,1e-06,0,gurobi,tariff,wwtp-energy-tariffs/data/WWTP_Billing.xlsx,6005025001,marginal,CAISO,data/grid_2021/MEF/CAISO/CAISO_mef_average_Jan_HOUR.csv,Flat,1000,Jan,"(75325.44914839744, 974572.7021733952)","(75053.73854364814, 984610.684092364)",0.5,0.00125,979618.2159330163,electricity-carbon-cost/results/ACC_load_shape_results_11212024_CAISO.csv
virtual_battery,2021-01-01 00:00:00,2021-01-31 23:45:00,0.25,0.85,0.05,0.15,0.05,0.95,0.5,1,1e-06,0,gurobi,tariff,wwtp-energy-tariffs/data/WWTP_Billing.xlsx,6005025001,marginal,CAISO,data/grid_2021/MEF/CAISO/CAISO_mef_average_Jan_HOUR.csv,Flat,1000,Jan,"(75325.44914839744, 974572.7021733952)","(75053.73854364814, 984610.684092364)",0.75,0.011937500000000004,977081.7131152286,electricity-carbon-cost/results/ACC_load_shape_results_11212024_CAISO.csv
virtual_battery,2021-01-01 00:00:00,2021-01-31 23:45:00,0.25,0.85,0.05,0.15,0.05,0.95,0.5,1,1e-06,0,gurobi,tariff,wwtp-energy-tariffs/data/WWTP_Billing.xlsx,6005025001,marginal,CAISO,data/grid_2021/MEF/CAISO/CAISO_mef_average_Jan_HOUR.csv,Flat,1000,Jan,"(75325.44914839744, 974572.7021733952)","(75053.73854364814, 984610.684092364)",0.95,0.31775000000000025,975074.1221001314,electricity-carbon-cost/results/ACC_load_shape_results_11212024_CAISO.csv
virtual_battery,2021-01-01 00:00:00,2021-01-31 23:45:00,0.25,0.85,0.05,0.15,0.05,0.95,0.5,1,1e-06,0,gurobi,tariff,wwtp-energy-tariffs/data/WWTP_Billing.xlsx,6005025001,marginal,CAISO,data/grid_2021/MEF/CAISO/CAISO_mef_average_Jan_HOUR.csv,Construction,1000,Jan,"(75026.84369572812, 973470.1475486541)","(74688.76974159, 982378.9243654365)",0.95,0.3169375000000002,973915.348019727,electricity-carbon-cost/results/ACC_load_shape_results_11212024_CAISO.csv
